AccSpeciesName,LA_mean,LDMC_mean,SLA_mean,percent_c,percent_s,percent_r,C : S : R ,Strategy class,S (%),C (%),R (%),Red,Green,Blue,Colour values in SigmaPlot 
Acalypha virginica,1255.989808,24.556636462531873,28.64025148,26.63050125,31.88981034,41.4796884,27 : 32 : 41 %,CSR,31.88981034,26.63050125,41.4796884,68,81,106,"@rgb(68,81,106)"
Acer pseudoplatanus,14400.46324,34.73366442187571,16.08470059,55.80858805,33.41493459,10.77647736,56 : 33 : 11 %,C/CSR,33.41493459,55.80858805,10.77647736,142,85,27,"@rgb(142,85,27)"
Acer rubrum,4407.158471,28.843084847012985,20.41624186,42.20800793,35.32236588,22.46962618,42 : 35 : 22 %,CS/CSR,35.32236588,42.20800793,22.46962618,108,90,57,"@rgb(108,90,57)"
Aegilops geniculata,31.88,26.596285714285717,22.73316667,0.808216197,53.54315791,45.6486259,1 : 54 : 46 %,SR,53.54315791,0.808216197,45.6486259,2,137,116,"@rgb(2,137,116)"
Agropyron cristatum,233.1507143,50.11845280022338,8.383566649,8.87469993,91.12530007,0,9 : 91 : 0 %,S,91.12530007,8.87469993,0,23,232,0,"@rgb(23,232,0)"
Agrostis gigantea,302.5995588,29.484272940472184,26.97879325,11.21252612,48.27423752,40.51323636,11 : 48 : 41 %,SR/CSR,48.27423752,11.21252612,40.51323636,29,123,103,"@rgb(29,123,103)"
Agrostis scabra,94.4305,49.54,11.62768319,4.047916556,89.25091693,6.701166518,4 : 89 : 7 %,S,89.25091693,4.047916556,6.701166518,10,228,17,"@rgb(10,228,17)"
Agrostis stolonifera,209.3907496,34.94353439518653,27.61413035,7.602161843,55.64967357,36.74816459,8 : 56 : 37 %,SR,55.64967357,7.602161843,36.74816459,19,142,94,"@rgb(19,142,94)"
Aira caryophyllea,4.173382353,23.90812291589667,20.41954209,0,50.97624763,49.02375237,0 : 51 : 49 %,SR,50.97624763,0,49.02375237,0,130,125,"@rgb(0,130,125)"
Ajuga reptans,1192.002813,17.279624565040653,24.611317,39.77181374,5.232363569,54.99582269,40 : 5 : 55 %,CR,5.232363569,39.77181374,54.99582269,101,13,140,"@rgb(101,13,140)"
Alliaria petiolata,3650.707479,15.768786000874298,51.496581,43.27513292,0,56.72486708,43 : 0 : 57 %,CR,0,43.27513292,56.72486708,110,0,145,"@rgb(110,0,145)"
Allium vineale,879,17.049999999999997,17.98229241,45.32284161,4.842771913,49.83438647,45 : 5 : 50 %,CR,4.842771913,45.32284161,49.83438647,116,12,127,"@rgb(116,12,127)"
Alopecurus pratensis,1666.868889,32.52740764459777,25.46162291,25.4538121,44.48735541,30.0588325,25 : 44 : 30 %,S/CSR,44.48735541,25.4538121,30.0588325,65,113,77,"@rgb(65,113,77)"
Amaranthus hybridus,1017.249854,13.675654543964235,36.07947314,31.91117268,0,68.08882732,32 : 0 : 68 %,R/CR,0,31.91117268,68.08882732,81,0,174,"@rgb(81,0,174)"
Amaranthus retroflexus,1486.968,20.432777777777776,19.0968898,40.54678767,23.51626678,35.93694556,41 : 24 : 36 %,CR/CSR,23.51626678,40.54678767,35.93694556,103,60,92,"@rgb(103,60,92)"
Ambrosia artemisiifolia,1622.362203,24.005618432666616,22.90600683,32.8668985,32.00898971,35.12411179,33 : 32 : 35 %,CSR,32.00898971,32.8668985,35.12411179,84,82,90,"@rgb(84,82,90)"
Ambrosia psilostachya,510.9640155,23.17872108839582,18.64905647,22.74387644,40.18740565,37.0687179,23 : 40 : 37 %,SR/CSR,40.18740565,22.74387644,37.0687179,58,102,95,"@rgb(58,102,95)"
Ammi majus,6550,14.280533333333334,34.44333333,57.81420811,0,42.18579189,58 : 0 : 42 %,CR,0,57.81420811,42.18579189,147,0,108,"@rgb(147,0,108)"
Anacamptis pyramidalis,1316.906667,11.209458137161892,32.55837657,37.13833411,0,62.86166589,37 : 0 : 63 %,R/CR,0,37.13833411,62.86166589,95,0,160,"@rgb(95,0,160)"
Anagallis arvensis,51.9014656,14.373485644638079,31.09190324,4.171700952,0,95.82829905,4 : 0 : 96 %,R,0,4.171700952,95.82829905,11,0,244,"@rgb(11,0,244)"
Anaphalis margaritacea,808.3333333,29.4,21.77770686,20.91113542,47.41750182,31.67136276,21 : 47 : 32 %,S/CSR,47.41750182,20.91113542,31.67136276,53,121,81,"@rgb(53,121,81)"
Andropogon virginicus,1051.103147,39.57108127165107,18.50917089,19.98541017,59.33645218,20.67813765,20 : 59 : 21 %,S/CSR,59.33645218,19.98541017,20.67813765,51,151,53,"@rgb(51,151,53)"
Anemone nemorosa,2476.152378,21.330150113133847,31.64620898,37.31755159,19.54521891,43.1372295,37 : 20 : 43 %,CR/CSR,19.54521891,37.31755159,43.1372295,95,50,110,"@rgb(95,50,110)"
Anisotome aromatica,212.3388287,25.803514197011662,10.83978404,17.32217471,74.16847888,8.509346413,17 : 74 : 9 %,S/CS,74.16847888,17.32217471,8.509346413,44,189,22,"@rgb(44,189,22)"
Antennaria neglecta,240.8116667,24.970803016666668,17.71979097,14.04083723,50.67348393,35.28567884,14 : 51 : 35 %,SR/CSR,50.67348393,14.04083723,35.28567884,36,129,90,"@rgb(36,129,90)"
Aphanes arvensis,46.09634333,30.58988452715236,26.89148671,1.746071517,55.01367788,43.2402506,2 : 55 : 43 %,SR,55.01367788,1.746071517,43.2402506,4,140,110,"@rgb(4,140,110)"
Apocynum androsaemifolium,3482.022143,29.637549126879147,27.81735855,35.05439978,34.98565453,29.95994569,35 : 35 : 30 %,CSR,34.98565453,35.05439978,29.95994569,89,89,76,"@rgb(89,89,76)"
Apocynum cannabinum,1588.690909,31.44659151590559,16.21230219,29.83320592,50.86950467,19.2972894,30 : 51 : 19 %,S/CSR,50.86950467,29.83320592,19.2972894,76,130,49,"@rgb(76,130,49)"
Arctium tomentosum,57062.62859,14.043512706405878,34.68879533,80.75952175,0,19.24047825,81 : 0 : 19 %,C/CR,0,80.75952175,19.24047825,206,0,49,"@rgb(206,0,49)"
Arenaria serpyllifolia,8.105284604,34.94370103637576,19.45959039,0,69.42302182,30.57697818,0 : 69 : 31 %,S/SR,69.42302182,0,30.57697818,0,177,78,"@rgb(0,177,78)"
Aristida purpurascens,369.8688,51.25768866009847,13.40295851,10.44304644,79.188127,10.36882656,10 : 79 : 10 %,S,79.188127,10.44304644,10.36882656,27,202,26,"@rgb(27,202,26)"
Aristida purpurea,22.65,43.445,8.349119826,0,100,0,0 : 100 : 0 %,S,100,0,0,0,255,0,"@rgb(0,255,0)"
Armeria maritima,139.5316667,27.560533333333332,13.75099342,9.857647439,68.07940756,22.062945,10 : 68 : 22 %,S/SR,68.07940756,9.857647439,22.062945,25,174,56,"@rgb(25,174,56)"
Arrhenatherum elatius,654.841893,28.06124545562481,29.86913352,17.36043243,41.138732,41.50083558,17 : 41 : 42 %,SR/CSR,41.138732,17.36043243,41.50083558,44,105,106,"@rgb(44,105,106)"
Artemisia absinthium,1724,22.05,30.78467444,32.15606728,23.34107863,44.50285409,32 : 23 : 45 %,CR/CSR,23.34107863,32.15606728,44.50285409,82,60,113,"@rgb(82,60,113)"
Artemisia campestris,252.6729709,22.992550252633162,16.72389065,16.72828306,46.5894537,36.68226324,17 : 47 : 37 %,SR/CSR,46.5894537,16.72828306,36.68226324,43,119,94,"@rgb(43,119,94)"
Artemisia frigida,7.5221,32.17729461450106,16.05772996,0,73.57287611,26.42712389,0 : 74 : 26 %,S/SR,73.57287611,0,26.42712389,0,188,67,"@rgb(0,188,67)"
Artemisia ludoviciana,275.1357479,31.62036249363841,16.86710787,12.10051808,62.55493257,25.34454936,12 : 63 : 25 %,S/SR,62.55493257,12.10051808,25.34454936,31,160,65,"@rgb(31,160,65)"
Artemisia vulgaris,3200.062915,24.239493127249993,25.2608,40.03887598,27.37491802,32.586206,40 : 27 : 33 %,CSR,27.37491802,40.03887598,32.586206,102,70,83,"@rgb(102,70,83)"
Asclepias tuberosa,1121.373333,22.36987331299227,19.10396712,33.09239193,32.33706172,34.57054635,33 : 32 : 35 %,CSR,32.33706172,33.09239193,34.57054635,84,82,88,"@rgb(84,82,88)"
Asclepias verticillata,65.09227273,21.45280888597455,15.67843655,6.404721123,49.81038202,43.78489686,6 : 50 : 44 %,SR,49.81038202,6.404721123,43.78489686,16,127,112,"@rgb(16,127,112)"
Asclepias viridis,2133.8016,19.98080097897939,15.24730809,52.52171784,22.1784439,25.29983826,53 : 22 : 25 %,C/CSR,22.1784439,52.52171784,25.29983826,134,57,65,"@rgb(134,57,65)"
Avena barbata,350.7521429,24.41850491022121,21.87014345,16.09563143,42.0996917,41.80467687,16 : 42 : 42 %,SR/CSR,42.0996917,16.09563143,41.80467687,41,107,107,"@rgb(41,107,107)"
Avena fatua,1987.088375,23.794674325365825,23.01764778,35.64312049,30.21006827,34.14681123,36 : 30 : 34 %,CSR,30.21006827,35.64312049,34.14681123,91,77,87,"@rgb(91,77,87)"
Axonopus fissifolius,1270,27.510461154476307,20.87589254,27.54001487,42.21601539,30.24396975,28 : 42 : 30 %,CSR,42.21601539,27.54001487,30.24396975,70,108,77,"@rgb(70,108,77)"
Barbarea vulgaris,463.676,16.463157895934213,29.67050448,25.25834179,0,74.74165821,25 : 0 : 75 %,R/CR,0,25.25834179,74.74165821,64,0,191,"@rgb(64,0,191)"
Bassia scoparia,96,17.85026820740447,24.79174571,9.099452054,13.08102592,77.81952202,9 : 13 : 78 %,R/SR,13.08102592,9.099452054,77.81952202,23,33,198,"@rgb(23,33,198)"
Berteroa incana,163.8199542,23.457403567733877,20.8298769,10.61535798,43.79080521,45.5938368,11 : 44 : 46 %,SR,43.79080521,10.61535798,45.5938368,27,112,116,"@rgb(27,112,116)"
Betula pendula,1368.547212,36.94262904357595,17.68340386,24.03714759,56.15173911,19.8111133,24 : 56 : 20 %,S/CSR,56.15173911,24.03714759,19.8111133,61,143,51,"@rgb(61,143,51)"
Bidens pilosa,3089.310606,17.716829544255603,45.71974429,40.67254884,4.999917954,54.32753321,41 : 5 : 54 %,CR,4.999917954,40.67254884,54.32753321,104,13,139,"@rgb(104,13,139)"
Bothriochloa ischaemum,239.8456522,44.38781852535028,17.94531264,8.050901463,71.23038001,20.71871853,8 : 71 : 21 %,S/SR,71.23038001,8.050901463,20.71871853,21,182,53,"@rgb(21,182,53)"
Botrychium multifidum,521.5333333,19.018,13.78333333,38.76210289,27.83107956,33.40681754,39 : 28 : 33 %,CSR,27.83107956,38.76210289,33.40681754,99,71,85,"@rgb(99,71,85)"
Bouteloua curtipendula,516.767013,48.94839402,14.38034521,12.85238835,74.64654248,12.50106918,13 : 75 : 13 %,S/CS,74.64654248,12.85238835,12.50106918,33,190,32,"@rgb(33,190,32)"
Bouteloua gracilis,94.906,54.23636702267282,12.81027203,3.62646041,87.11970608,9.253833506,4 : 87 : 9 %,S,87.11970608,3.62646041,9.253833506,9,222,24,"@rgb(9,222,24)"
Brachypodium distachyon,43.24166667,37.47480163,27.64196751,1.287172328,61.59237069,37.12045698,1 : 62 : 37 %,SR,61.59237069,1.287172328,37.12045698,3,157,95,"@rgb(3,157,95)"
Brachypodium pinnatum,1318.901427,31.826307529105186,26.77373609,22.96459521,44.41066868,32.62473612,23 : 44 : 33 %,SR/CSR,44.41066868,22.96459521,32.62473612,59,113,83,"@rgb(59,113,83)"
Brachypodium sylvaticum,1630.39056,28.392274464942002,48.28199354,22.80111951,32.15850534,45.04037516,23 : 32 : 45 %,SR/CSR,32.15850534,22.80111951,45.04037516,58,82,115,"@rgb(58,82,115)"
Brickellia eupatorioides,675,28.6666667,14.29654225,23.64067508,57.21333012,19.1459948,24 : 57 : 19 %,S/CSR,57.21333012,23.64067508,19.1459948,60,146,49,"@rgb(60,146,49)"
Briza media,403.2568034,31.404938404916827,22.3336795,13.59465075,53.43537222,32.96997703,14 : 53 : 33 %,S/CSR,53.43537222,13.59465075,32.96997703,35,136,84,"@rgb(35,136,84)"
Bromus catharticus,1766.703599,28.16471840004749,18.48610431,32.3417134,42.9247042,24.7335824,32 : 43 : 25 %,CS/CSR,42.9247042,32.3417134,24.7335824,82,109,63,"@rgb(82,109,63)"
Bromus diandrus,266.3731884,28.054692260001236,14.00751107,14.86884843,64.01395528,21.11719629,15 : 64 : 21 %,S/CSR,64.01395528,14.86884843,21.11719629,38,163,54,"@rgb(38,163,54)"
Bromus erectus,703.5706984,35.69958867560465,16.34916709,18.57665116,61.64981754,19.77353129,19 : 62 : 20 %,S/CSR,61.64981754,18.57665116,19.77353129,47,157,50,"@rgb(47,157,50)"
Bromus hordeaceus,125.2630139,25.626450978251764,23.29247591,7.297297526,47.50669353,45.19600894,7 : 48 : 45 %,SR,47.50669353,7.297297526,45.19600894,19,121,115,"@rgb(19,121,115)"
Bromus inermis,1203.206145,35.36667170556308,19.6507113,22.6211945,53.75971753,23.61908797,23 : 54 : 24 %,S/CSR,53.75971753,22.6211945,23.61908797,58,137,60,"@rgb(58,137,60)"
Bromus japonicus,249.9,28.660000000000004,22.72582868,10.93439752,51.31072663,37.75487586,11 : 51 : 38 %,SR/CSR,51.31072663,10.93439752,37.75487586,28,131,96,"@rgb(28,131,96)"
Bromus madritensis,112.28,24.403926293310157,32.77682678,5.920863666,37.86967677,56.20945956,6 : 38 : 56 %,SR,37.86967677,5.920863666,56.20945956,15,97,143,"@rgb(15,97,143)"
Bromus sterilis,564.2333743,25.708343129149323,33.60268372,16.48893518,35.76322076,47.74784406,16 : 36 : 48 %,SR/CSR,35.76322076,16.48893518,47.74784406,42,91,122,"@rgb(42,91,122)"
Bromus tectorum,141.4734035,27.295292379248544,20.26830263,8.078246715,54.07985813,37.84189515,8 : 54 : 38 %,SR,54.07985813,8.078246715,37.84189515,21,138,96,"@rgb(21,138,96)"
Buchnera americana,301.58912,21.423545609829382,21.64231972,17.32299016,33.37562921,49.30138063,17 : 33 : 49 %,SR/CSR,33.37562921,17.32299016,49.30138063,44,85,126,"@rgb(44,85,126)"
Calamagrostis epigejos,1437.04705,38.03646885419729,18.36261068,23.76135019,56.00340716,20.23524265,24 : 56 : 20 %,S/CSR,56.00340716,23.76135019,20.23524265,61,143,52,"@rgb(61,143,52)"
Calendula arvensis,116.32,10.383833333333333,28.0271,11.09159219,0,88.90840781,11 : 0 : 89 %,R,0,11.09159219,88.90840781,28,0,227,"@rgb(28,0,227)"
Calystegia sepium,646.0054598,16.634292949031654,37.82775432,25.47328703,0.403399639,74.12331333,25 : 0 : 74 %,R/CR,0.403399639,25.47328703,74.12331333,65,1,189,"@rgb(65,1,189)"
Campanula patula,415.0122619,13.87038085,18.80486174,34.60148236,0,65.39851764,35 : 0 : 65 %,R/CR,0,34.60148236,65.39851764,88,0,167,"@rgb(88,0,167)"
Campanula rapunculus,758.91501,16.56336833208954,39.71324473,26.82687869,0,73.17312131,27 : 0 : 73 %,R/CR,0,26.82687869,73.17312131,68,0,187,"@rgb(68,0,187)"
Campanula scheuchzeri,51.78361063,24.69258572900285,9.789453982,5.620746128,93.9775791,0.401674775,6 : 94 : 0 %,S,93.9775791,5.620746128,0.401674775,14,240,1,"@rgb(14,240,1)"
Campsis radicans,3546.464286,34.39712155828544,21.76626868,34.53758018,43.00041273,22.46200709,35 : 43 : 22 %,CS/CSR,43.00041273,34.53758018,22.46200709,88,110,57,"@rgb(88,110,57)"
Cardamine pratensis,615.25,18.70983574174469,17.84872582,34.22501368,19.51233958,46.26264673,34 : 20 : 46 %,CR/CSR,19.51233958,34.22501368,46.26264673,87,50,118,"@rgb(87,50,118)"
Carduus acanthoides,614.865,34.094470588235296,12.10235294,20.52517387,69.51339277,9.961433358,21 : 70 : 10 %,S/CS,69.51339277,20.52517387,9.961433358,52,177,25,"@rgb(52,177,25)"
Carduus pycnocephalus,854.7852941,27.017443342857145,16.25442497,26.29429743,49.1245471,24.58115547,26 : 49 : 25 %,S/CSR,49.1245471,26.29429743,24.58115547,67,125,63,"@rgb(67,125,63)"
Carex breviculmis,127.4316867,35.68181818181818,15.29084122,6.451427856,73.10602861,20.44254354,6 : 73 : 20 %,S/SR,73.10602861,6.451427856,20.44254354,16,186,52,"@rgb(16,186,52)"
Carex brevior,417.9979167,33.68713977101972,20.74549545,13.46671064,57.45130992,29.08197943,13 : 57 : 29 %,S/CSR,57.45130992,13.46671064,29.08197943,34,147,74,"@rgb(34,147,74)"
Carex cherokeensis,2350.2336,69.76467737617705,51.26973116,16.59317939,55.75665778,27.65016283,17 : 56 : 28 %,S/CSR,55.75665778,16.59317939,27.65016283,42,142,71,"@rgb(42,142,71)"
Carex digitata,360.327759,28.500061789187015,29.8725388,12.32945765,44.27926416,43.39127819,12 : 44 : 43 %,SR/CSR,44.27926416,12.32945765,43.39127819,31,113,111,"@rgb(31,113,111)"
Carex divulsa,370.8,10.5,25.89763245,24.89073821,0,75.10926179,25 : 0 : 75 %,R/CR,0,24.89073821,75.10926179,63,0,192,"@rgb(63,0,192)"
Carex duriuscula,95.225,39.99414637525997,11.60134576,5.024689616,86.83443717,8.140873214,5 : 87 : 8 %,S,86.83443717,5.024689616,8.140873214,13,221,21,"@rgb(13,221,21)"
Carex hirta,1136.378334,30.309841941904764,18.54362646,25.37418706,49.47848811,25.14732483,25 : 49 : 25 %,S/CSR,49.47848811,25.37418706,25.14732483,65,126,64,"@rgb(65,126,64)"
Carex nigra,724.1643028,34.57918058,19.76390934,18.02647097,56.26896935,25.70455967,18 : 56 : 26 %,S/CSR,56.26896935,18.02647097,25.70455967,46,143,66,"@rgb(46,143,66)"
Carex pallescens,2193.851813,36.162576907725985,25.20299728,26.75086281,46.47971519,26.76942201,27 : 46 : 27 %,S/CSR,46.47971519,26.75086281,26.76942201,68,119,68,"@rgb(68,119,68)"
Carex panicea,694.680977,36.62620079099446,20.54457369,16.6606552,57.64420233,25.69514247,17 : 58 : 26 %,S/CSR,57.64420233,16.6606552,25.69514247,42,147,66,"@rgb(42,147,66)"
Carex peckii,669.4142857,31.155714285714286,23.95785714,17.53032904,49.17226948,33.29740148,18 : 49 : 33 %,SR/CSR,49.17226948,17.53032904,33.29740148,45,125,85,"@rgb(45,125,85)"
Carex sempervirens,353.6377963,39.28820922806784,14.27717667,12.3931486,72.41281557,15.19403583,12 : 72 : 15 %,S/SR,72.41281557,12.3931486,15.19403583,32,185,39,"@rgb(32,185,39)"
Carex tribuloides,659.55,25.919999999999998,42.55161,16.33910948,32.73601161,50.92487891,16 : 33 : 51 %,R/CSR,32.73601161,16.33910948,50.92487891,42,83,130,"@rgb(42,83,130)"
Carex umbrosa,771.7442826,37.52705729115014,20.41389862,17.29972408,57.89761487,24.80266106,17 : 58 : 25 %,S/CSR,57.89761487,17.29972408,24.80266106,44,148,63,"@rgb(44,148,63)"
Carex vulpinoidea,493.4266667,31.49675337353163,18.39281719,16.41569164,56.80068888,26.78361948,16 : 57 : 27 %,S/CSR,56.80068888,16.41569164,26.78361948,42,145,68,"@rgb(42,145,68)"
Celastrus orbiculatus,3010.053125,21.19077288,41.13477232,36.73530848,16.82524311,46.43944841,37 : 17 : 46 %,CR/CSR,16.82524311,36.73530848,46.43944841,94,43,118,"@rgb(94,43,118)"
Celmisia gracilenta,199.51778,35.234903,7.347408056,11.51613822,88.48386178,0,12 : 88 : 0 %,S,88.48386178,11.51613822,0,29,226,0,"@rgb(29,226,0)"
Centaurea jacea,984.4405186,21.03768541758192,19.57644849,33.23303065,27.92309399,38.84387536,33 : 28 : 39 %,CSR,27.92309399,33.23303065,38.84387536,85,71,99,"@rgb(85,71,99)"
Centaurea melitensis,312.55,26.3576582,13.93043589,17.73768153,60.1071194,22.15519908,18 : 60 : 22 %,S/CSR,60.1071194,17.73768153,22.15519908,45,153,56,"@rgb(45,153,56)"
Centaurea nigra,1152.640208,25.597601510936173,20.25064866,28.50813223,39.67217232,31.81969545,29 : 40 : 32 %,CSR,39.67217232,28.50813223,31.81969545,73,101,81,"@rgb(73,101,81)"
Centaurea solstitialis,1539.433125,30.09688326153846,18.6538164,28.94425378,46.77796494,24.27778128,29 : 47 : 24 %,S/CSR,46.77796494,28.94425378,24.27778128,74,119,62,"@rgb(74,119,62)"
Centaurium erythraea,524.165625,22.21836625076934,26.71149697,20.00137776,30.40232902,49.59629321,20 : 30 : 50 %,R/CSR,30.40232902,20.00137776,49.59629321,51,78,126,"@rgb(51,78,126)"
Centella asiatica,1849.74495,17.460189826900677,27.56620942,42.88715239,5.478986514,51.63386109,43 : 5 : 52 %,CR,5.478986514,42.88715239,51.63386109,109,14,132,"@rgb(109,14,132)"
Centranthus calcitrapa,1125,11.19135987,27.15387364,38.75691259,0,61.24308741,39 : 0 : 61 %,CR,0,38.75691259,61.24308741,99,0,156,"@rgb(99,0,156)"
Cerastium arvense,46.08,26.873271150131067,19.24112271,2.351721201,58.42173565,39.22654315,2 : 58 : 39 %,SR,58.42173565,2.351721201,39.22654315,6,149,100,"@rgb(6,149,100)"
Cerastium fontanum,96.618,21.10669941,24.7658269,7.078970659,32.8408619,60.08016744,7 : 33 : 60 %,R/SR,32.8408619,7.078970659,60.08016744,18,84,153,"@rgb(18,84,153)"
Cerastium glomeratum,123.2185279,16.67581298498025,25.10700144,12.63903308,1.151564154,86.20940276,13 : 1 : 86 %,R,1.151564154,12.63903308,86.20940276,32,3,220,"@rgb(32,3,220)"
Chenopodium leptophyllum,52.1625,14.9733,11.7556262,21.19241364,0,78.80758636,21 : 0 : 79 %,R/CR,0,21.19241364,78.80758636,54,0,201,"@rgb(54,0,201)"
Cichorium intybus,2266.411163,18.46267959758071,20.27608661,50.10221124,11.82846042,38.06932833,50 : 12 : 38 %,CR/CSR,11.82846042,50.10221124,38.06932833,128,30,97,"@rgb(128,30,97)"
Cirsium arvense,2230.56914,17.621953981685355,18.20289203,55.86582979,7.562823284,36.57134693,56 : 8 : 37 %,CR,7.562823284,55.86582979,36.57134693,142,19,93,"@rgb(142,19,93)"
Cirsium palustre,4323.064762,15.027600333410513,19.14270432,67.04786842,0,32.95213158,67 : 0 : 33 %,C/CR,0,67.04786842,32.95213158,171,0,84,"@rgb(171,0,84)"
Cirsium vulgare,9249.450602,15.538799994953509,15.02641934,82.60272634,0,17.39727366,83 : 0 : 17 %,C/CR,0,82.60272634,17.39727366,211,0,44,"@rgb(211,0,44)"
Claytonia perfoliata,803.1530769,5.378222222222222,52.14114604,24.18966172,0,75.81033828,24 : 0 : 76 %,R/CR,0,24.18966172,75.81033828,62,0,193,"@rgb(62,0,193)"
Clematis vitalba,9226.070326,30.005731690632576,26.2095003,47.99973389,29.02678156,22.97348456,48 : 29 : 23 %,C/CSR,29.02678156,47.99973389,22.97348456,122,74,59,"@rgb(122,74,59)"
Clinopodium vulgare,470.4221957,27.233549102711947,24.77450781,16.07937024,44.32432546,39.5963043,16 : 44 : 40 %,SR/CSR,44.32432546,16.07937024,39.5963043,41,113,101,"@rgb(41,113,101)"
Conoclinium coelestinum,894.919552,27.21556620517967,23.13780115,22.85647634,42.16096054,34.98256312,23 : 42 : 35 %,SR/CSR,42.16096054,22.85647634,34.98256312,58,108,89,"@rgb(58,108,89)"
Convolvulus arvensis,1008.948939,17.556970258660364,28.63877078,33.64739291,6.752117594,59.6004895,34 : 7 : 60 %,R/CR,6.752117594,33.64739291,59.6004895,86,17,152,"@rgb(86,17,152)"
Conyza canadensis,223.5860622,23.137258969090393,25.1767522,12.04286826,37.41304421,50.54408753,12 : 37 : 51 %,SR/CSR,37.41304421,12.04286826,50.54408753,31,95,129,"@rgb(31,95,129)"
Cornus racemosa,1543.643269,31.74145745,26.12340604,24.84235141,43.69734816,31.46030043,25 : 44 : 31 %,SR/CSR,43.69734816,24.84235141,31.46030043,63,111,80,"@rgb(63,111,80)"
Cornus sanguinea,4165.510041,33.75490761434823,19.15571149,38.27548199,42.51209832,19.2124197,38 : 43 : 19 %,CS/CSR,42.51209832,38.27548199,19.2124197,98,108,49,"@rgb(98,108,49)"
Crataegus monogyna,790.3649805,39.84599955630605,15.10902904,18.54556367,65.86050073,15.5939356,19 : 66 : 16 %,S/CS,65.86050073,18.54556367,15.5939356,47,168,40,"@rgb(47,168,40)"
Crepis capillaris,1394.232027,12.734133239834955,36.13381403,36.01499612,0,63.98500388,36 : 0 : 64 %,R/CR,0,36.01499612,63.98500388,92,0,163,"@rgb(92,0,163)"
Crepis paludosa,5055.976111,11.696446497100984,44.14862259,50.01273732,0,49.98726268,50 : 0 : 50 %,CR,0,50.01273732,49.98726268,128,0,127,"@rgb(128,0,127)"
Croton monanthogynus,75,26.371308,19.835635,4.70275993,55.0959515,40.20128857,5 : 55 : 40 %,SR,55.0959515,4.70275993,40.20128857,12,140,103,"@rgb(12,140,103)"
Cymbopogon caesius,328.5430705,35.51473523209269,22.07014737,10.93067138,59.04670428,30.02262434,11 : 59 : 30 %,S/CSR,59.04670428,10.93067138,30.02262434,28,151,77,"@rgb(28,151,77)"
Cynodon dactylon,167.4213725,34.20467865332532,20.34887055,7.372218045,62.46836257,30.15941938,7 : 62 : 30 %,S/SR,62.46836257,7.372218045,30.15941938,19,159,77,"@rgb(19,159,77)"
Dactylorhiza incarnata,2618.005,12.510172530434783,27.1777407,50.55781849,0,49.44218151,51 : 0 : 49 %,CR,0,50.55781849,49.44218151,129,0,126,"@rgb(129,0,126)"
Danthonia decumbens,265.925,38.9552863,16.96718385,9.777218804,69.01306826,21.20971294,10 : 69 : 21 %,S/SR,69.01306826,9.777218804,21.20971294,25,176,54,"@rgb(25,176,54)"
Daucus carota,2804.768696,25.507551062181115,17.04117904,42.5642444,35.47361314,21.96214246,43 : 35 : 22 %,CS/CSR,35.47361314,42.5642444,21.96214246,109,90,56,"@rgb(109,90,56)"
Deschampsia flexuosa,79.77180131,33.70313877310708,17.25468737,4.14394909,69.29264797,26.56340294,4 : 69 : 27 %,S/SR,69.29264797,4.14394909,26.56340294,11,177,68,"@rgb(11,177,68)"
Descurainia sophia,305.675,20.636950000000002,19.97520444,19.34124793,31.55841255,49.10033953,19 : 32 : 49 %,R/CSR,31.55841255,19.34124793,49.10033953,49,80,125,"@rgb(49,80,125)"
Desmodium illinoense,2111.486667,27.063829353995576,23.67047298,32.62041699,36.20541893,31.17416408,33 : 36 : 31 %,CSR,36.20541893,32.62041699,31.17416408,83,92,79,"@rgb(83,92,79)"
Dianthus armeria,255.5,26.840894770109365,15.87468761,14.22448766,57.8052266,27.97028574,14 : 58 : 28 %,S/CSR,57.8052266,14.22448766,27.97028574,36,147,71,"@rgb(36,147,71)"
Diervilla lonicera,2316.7125,30.06395284857143,31.6939545,28.72215282,36.77981947,34.49802771,29 : 37 : 34 %,CSR,36.77981947,28.72215282,34.49802771,73,94,88,"@rgb(73,94,88)"
Draba verna,41.82439089,17.90403502392612,36.86900939,2.212166975,10.74152783,87.0463052,2 : 11 : 87 %,R,10.74152783,2.212166975,87.0463052,6,27,222,"@rgb(6,27,222)"
Echinochloa crus-galli,2642.311877,22.12091252880071,28.22304206,38.67033562,22.34098415,38.98868023,39 : 22 : 39 %,CR/CSR,22.34098415,38.67033562,38.98868023,99,57,99,"@rgb(99,57,99)"
Echium vulgare,834.975,19.230658813293804,12.85980166,47.75214147,27.66109652,24.58676201,48 : 28 : 25 %,C/CSR,27.66109652,47.75214147,24.58676201,122,71,63,"@rgb(122,71,63)"
Elaeagnus umbellata,1116.644924,32.31542738669242,24.95000155,21.55488329,47.02541337,31.41970334,22 : 47 : 31 %,S/CSR,47.02541337,21.55488329,31.41970334,55,120,80,"@rgb(55,120,80)"
Eleusine indica,295.1346465,23.183950033901027,29.29578481,13.28901725,33.94936256,52.76162019,13 : 34 : 53 %,SR/CSR,33.94936256,13.28901725,52.76162019,34,87,135,"@rgb(34,87,135)"
Elymus elymoides,364.376,32.345,13.74403185,15.41808884,67.90069871,16.68121246,15 : 68 : 17 %,S/SR,67.90069871,15.41808884,16.68121246,39,173,43,"@rgb(39,173,43)"
Elymus repens,1423.531325,34.14629959980151,21.42625844,24.29382025,49.88755786,25.81862189,24 : 50 : 26 %,S/CSR,49.88755786,24.29382025,25.81862189,62,127,66,"@rgb(62,127,66)"
Epilobium angustifolium,2844.565791,27.143121575942953,18.7209091,39.31636295,37.19404992,23.48958713,39 : 37 : 23 %,CS/CSR,37.19404992,39.31636295,23.48958713,100,95,60,"@rgb(100,95,60)"
Epilobium ciliatum,667.125,17.3045,34.5955705,25.90243302,4.996549237,69.10101774,26 : 5 : 69 %,R/CR,4.996549237,25.90243302,69.10101774,66,13,176,"@rgb(66,13,176)"
Epilobium palustre,845.9083333,15.734578703703706,37.87702688,28.82415384,0,71.17584616,29 : 0 : 71 %,R/CR,0,28.82415384,71.17584616,74,0,181,"@rgb(74,0,181)"
Epilobium parviflorum,615.96,16.03333333333333,28.37506501,29.66155461,0,70.33844539,30 : 0 : 70 %,R/CR,0,29.66155461,70.33844539,76,0,179,"@rgb(76,0,179)"
Epilobium tetragonum,446.15,22.358823739543563,23.85774239,19.34121347,33.32570388,47.33308264,19 : 33 : 47 %,SR/CSR,33.32570388,19.34121347,47.33308264,49,85,121,"@rgb(49,85,121)"
Epipactis palustris,2763.98,18.970785714285714,22.92153846,48.59800036,12.8541103,38.54788934,49 : 13 : 39 %,CR/CSR,12.8541103,48.59800036,38.54788934,124,33,98,"@rgb(124,33,98)"
Equisetum arvense,279.1043333,25.17671886892729,14.75252856,17.01543723,56.28601834,26.69854443,17 : 56 : 27 %,S/CSR,56.28601834,17.01543723,26.69854443,43,144,68,"@rgb(43,144,68)"
Equisetum palustre,3080.77,19.99689626473907,8.649386228,74.29868385,25.70131615,0,74 : 26 : 0 %,C/CS,25.70131615,74.29868385,0,189,66,0,"@rgb(189,66,0)"
Eremopyrum triticeum,70.11340784,44.53821055,8.876224372,3.506345813,96.49365419,0,4 : 96 : 0 %,S,96.49365419,3.506345813,0,9,246,0,"@rgb(9,246,0)"
Erigeron annuus,691.4592512,24.440035179624484,28.96801606,20.24388019,34.22576941,45.5303504,20 : 34 : 46 %,SR/CSR,34.22576941,20.24388019,45.5303504,52,87,116,"@rgb(52,87,116)"
Erigeron bonariensis,489.4991875,29.541041285086354,23.03007676,15.76727762,49.31917159,34.91355079,16 : 49 : 35 %,SR/CSR,49.31917159,15.76727762,34.91355079,40,126,89,"@rgb(40,126,89)"
Erigeron canadensis,561.8,28.489745548569097,18.324,19.31649848,51.84417465,28.83932687,19 : 52 : 29 %,S/CSR,51.84417465,19.31649848,28.83932687,49,132,74,"@rgb(49,132,74)"
Erigeron floribundus,2337.45,19.516666666666648,18.53167319,49.82796257,17.49095871,32.68107873,50 : 17 : 33 %,C/CSR,17.49095871,49.82796257,32.68107873,127,45,83,"@rgb(127,45,83)"
Erigeron strigosus,319.7692019,24.266108945223124,20.09390459,16.0702559,44.07038481,39.85935928,16 : 44 : 40 %,SR/CSR,44.07038481,16.0702559,39.85935928,41,112,102,"@rgb(41,112,102)"
Erodium ciconium,1674.065,22.649272181108188,24.87292807,33.82077638,27.29595155,38.88327207,34 : 27 : 39 %,CSR,27.29595155,33.82077638,38.88327207,86,70,99,"@rgb(86,70,99)"
Erodium cicutarium,537.0326355,19.840171971136968,30.2264863,21.47295286,19.76926836,58.75777878,21 : 20 : 59 %,R/CSR,19.76926836,21.47295286,58.75777878,55,50,150,"@rgb(55,50,150)"
Erysimum capitatum,98.53266667,24.69141722829479,8.721938588,11.78973987,88.21026013,0,12 : 88 : 0 %,S,88.21026013,11.78973987,0,30,225,0,"@rgb(30,225,0)"
Erysimum cheiranthoides,588.38425,23.528402129828358,23.5580198,21.24080519,35.83894852,42.92024629,21 : 36 : 43 %,SR/CSR,35.83894852,21.24080519,42.92024629,54,91,109,"@rgb(54,91,109)"
Eupatorium altissimum,675,31.9494585,9.989881036,25.29177013,73.42623858,1.281991288,25 : 73 : 1 %,S/CS,73.42623858,25.29177013,1.281991288,64,187,3,"@rgb(64,187,3)"
Euphorbia esula,123.3608257,32.96565542298707,22.31975225,5.742496971,59.94214259,34.31536043,6 : 60 : 34 %,S/SR,59.94214259,5.742496971,34.31536043,15,153,88,"@rgb(15,153,88)"
Euphorbia maculata,19.32992648,28.353099986731806,23.79605225,0,55.83686297,44.16313703,0 : 56 : 44 %,SR,55.83686297,0,44.16313703,0,142,113,"@rgb(0,142,113)"
Euphorbia nutans,116.946816,33.27184008591946,18.93762101,5.829617608,64.77983643,29.39054596,6 : 65 : 29 %,S/SR,64.77983643,5.829617608,29.39054596,15,165,75,"@rgb(15,165,75)"
Euphorbia paralias,81.5,27.03121677628585,13.49829612,6.331634692,71.02458463,22.64378068,6 : 71 : 23 %,S/SR,71.02458463,6.331634692,22.64378068,16,181,58,"@rgb(16,181,58)"
Euphorbia peplus,272.1853855,14.173578643459429,65.0955155,12.23067924,0,87.76932076,12 : 0 : 88 %,R,0,12.23067924,87.76932076,31,0,224,"@rgb(31,0,224)"
Eurybia macrophylla,2969.077222,21.21771793,32.67298588,39.41236293,18.28159292,42.30604415,39 : 18 : 42 %,CR/CSR,18.28159292,39.41236293,42.30604415,101,47,108,"@rgb(101,47,108)"
Euthamia graminifolia,455.4804386,33.93353795928527,15.29489661,15.88201981,64.71124548,19.40673471,16 : 65 : 19 %,S/CSR,64.71124548,15.88201981,19.40673471,40,165,49,"@rgb(40,165,49)"
Fallopia convolvulus,671.3693278,21.003756896802642,28.62904726,23.15579944,24.37169888,52.47250168,23 : 24 : 52 %,R/CSR,24.37169888,23.15579944,52.47250168,59,62,134,"@rgb(59,62,134)"
Festuca arundinacea,942.5118056,25.707585695555558,13.92921186,31.25622473,49.47607073,19.26770454,31 : 49 : 19 %,S/CSR,49.47607073,31.25622473,19.26770454,80,126,49,"@rgb(80,126,49)"
Festuca rubra,270.0528503,30.754434446076296,13.23919881,13.88973853,69.60921651,16.50104496,14 : 70 : 17 %,S/SR,69.60921651,13.88973853,16.50104496,35,178,42,"@rgb(35,178,42)"
Festuca rupicola,118.2490909,36.11167064,21.88823167,5.157131485,63.55553815,31.28733036,5 : 64 : 31 %,S/SR,63.55553815,5.157131485,31.28733036,13,162,80,"@rgb(13,162,80)"
Ficaria verna,1097.719003,11.713230006024835,36.01603419,32.92507668,0,67.07492332,33 : 0 : 67 %,R/CR,0,32.92507668,67.07492332,84,0,171,"@rgb(84,0,171)"
Filipendula ulmaria,15641.22321,34.52909233909275,26.06202871,51.82024168,29.4759611,18.70379723,52 : 29 : 19 %,C/CSR,29.4759611,51.82024168,18.70379723,132,75,48,"@rgb(132,75,48)"
Fragaria vesca,2460.189909,29.29750733010725,27.24154433,31.26060282,37.02413856,31.71525861,31 : 37 : 32 %,CSR,37.02413856,31.26060282,31.71525861,80,94,81,"@rgb(80,94,81)"
Fraxinus excelsior,14944.80168,33.96663472686436,14.89446006,57.81633197,32.90655133,9.277116702,58 : 33 : 9 %,C/CSR,32.90655133,57.81633197,9.277116702,147,84,24,"@rgb(147,84,24)"
Fumaria officinalis,749.9490227,16.82764455320588,35.59639182,27.77733906,1.744017051,70.47864389,28 : 2 : 70 %,R/CR,1.744017051,27.77733906,70.47864389,71,4,180,"@rgb(71,4,180)"
Gaillardia pinnatifida,126.4727273,15.909999999999998,11.606533,44.67425224,0,55.32574776,45 : 0 : 55 %,CR,0,44.67425224,55.32574776,114,0,141,"@rgb(114,0,141)"
Galium aparine,172.6762115,17.350936836714904,40.63663843,10.88081879,5.698082491,83.42109872,11 : 6 : 83 %,R,5.698082491,10.88081879,83.42109872,28,15,213,"@rgb(28,15,213)"
Galium mollugo,137.1499776,25.07643042,25.41243654,7.698592328,43.95533246,48.34607521,8 : 44 : 48 %,SR,43.95533246,7.698592328,48.34607521,20,112,123,"@rgb(20,112,123)"
Galium palustre,31.53421053,24.889680411590447,33.00706288,0.686691265,41.02837211,58.28493663,1 : 41 : 58 %,SR,41.02837211,0.686691265,58.28493663,2,105,149,"@rgb(2,105,149)"
Galium pumilum,15.993,19.646432877594332,12.31061015,0,60.42102619,39.57897381,0 : 60 : 40 %,SR,60.42102619,0,39.57897381,0,154,101,"@rgb(0,154,101)"
Gaylussacia frondosa,480.3958333,44,13.90650015,13.57464218,73.77531518,12.65004264,14 : 74 : 13 %,S/CS,73.77531518,13.57464218,12.65004264,35,188,32,"@rgb(35,188,32)"
Gentiana cruciata,1380.9,27.544230769230772,16.77238462,31.13864577,45.58263181,23.27872241,31 : 46 : 23 %,S/CSR,45.58263181,31.13864577,23.27872241,79,116,59,"@rgb(79,116,59)"
Geranium dissectum,282.6346933,20.65472349351715,25.86860089,15.70310245,27.18338979,57.11350775,16 : 27 : 57 %,R/CSR,27.18338979,15.70310245,57.11350775,40,69,146,"@rgb(40,69,146)"
Geranium molle,590.6293345,21.43236517823227,24.9274227,22.83050098,28.23783062,48.93166841,23 : 28 : 49 %,R/CSR,28.23783062,22.83050098,48.93166841,58,72,125,"@rgb(58,72,125)"
Geranium pratense,3179,25.80139641,21.45987119,40.37222537,32.23877804,27.38899659,40 : 32 : 27 %,CSR,32.23877804,40.37222537,27.38899659,103,82,70,"@rgb(103,82,70)"
Geranium pusillum,1448.267,21.75941176470588,24.33035,33.50227735,25.62374906,40.87397359,34 : 26 : 41 %,CSR,25.62374906,33.50227735,40.87397359,85,65,104,"@rgb(85,65,104)"
Geum canadense,2577.663889,22.375389811212994,29.66757489,37.33810889,22.73150353,39.93038757,37 : 23 : 40 %,CR/CSR,22.73150353,37.33810889,39.93038757,95,58,102,"@rgb(95,58,102)"
Geum montanum,681.5843581,28.53794112877767,8.865223744,29.53502368,70.46497632,0,30 : 70 : 0 %,S/CS,70.46497632,29.53502368,0,75,180,0,"@rgb(75,180,0)"
Geum urbanum,4880.045318,28.167246743329095,31.49437789,39.17362587,29.69689163,31.1294825,39 : 30 : 31 %,CSR,29.69689163,39.17362587,31.1294825,100,76,79,"@rgb(100,76,79)"
Glechoma hederacea,432.493554,17.850772652379515,27.95118887,22.87773234,10.01588817,67.10637949,23 : 10 : 67 %,R/CR,10.01588817,22.87773234,67.10637949,58,26,171,"@rgb(58,26,171)"
Grindelia squarrosa,106.8167,24.4202,10.08172888,12.50811497,84.04791423,3.443970801,13 : 84 : 3 %,S,84.04791423,12.50811497,3.443970801,32,214,9,"@rgb(32,214,9)"
Gutierrezia sarothrae,174.3159012,37.58565825346454,55.05165475,5.13110838,47.72577968,47.14311194,5 : 48 : 47 %,SR,47.72577968,5.13110838,47.14311194,13,122,120,"@rgb(13,122,120)"
Helianthemum nummularium,182.8163594,18.632617282023656,16.32536985,20.17361702,25.79421333,54.03216964,20 : 26 : 54 %,R/CSR,25.79421333,20.17361702,54.03216964,51,66,138,"@rgb(51,66,138)"
Helianthus annuus,1613.266667,13.001832306758685,14.77085238,65.60107519,0,34.39892481,66 : 0 : 34 %,C/CR,0,65.60107519,34.39892481,167,0,88,"@rgb(167,0,88)"
Helictotrichon pubescens,693.3763846,27.09385524,22.93098227,20.39232826,43.53214116,36.07553059,20 : 44 : 36 %,SR/CSR,43.53214116,20.39232826,36.07553059,52,111,92,"@rgb(52,111,92)"
Helleborus niger,23812.77333,23.112912312169527,10.99613669,80.47971417,16.63786467,2.882421164,80 : 17 : 3 %,C/CS,16.63786467,80.47971417,2.882421164,205,42,7,"@rgb(205,42,7)"
Heteropogon contortus,424.6444759,52.072293776626076,23.87709703,9.473140327,66.55736411,23.96949556,9 : 67 : 24 %,S/SR,66.55736411,9.473140327,23.96949556,24,170,61,"@rgb(24,170,61)"
Hieracium umbellatum,754.1543671,18.753254059490377,21.42570116,32.67450936,16.73916479,50.58632585,33 : 17 : 51 %,R/CSR,16.73916479,32.67450936,50.58632585,83,43,129,"@rgb(83,43,129)"
Holcus lanatus,561.4556127,22.037957813516034,28.32841817,20.30598194,28.7271865,50.96683156,20 : 29 : 51 %,R/CSR,28.7271865,20.30598194,50.96683156,52,73,130,"@rgb(52,73,130)"
Holosteum umbellatum,52.4005,16.264,83.41533333,2.364634374,0,97.63536563,2 : 0 : 98 %,R,0,2.364634374,97.63536563,6,0,249,"@rgb(6,0,249)"
Hordeum murinum,248.589836,23.58576163259525,24.74881877,12.74269915,38.69522523,48.56207562,13 : 39 : 49 %,SR/CSR,38.69522523,12.74269915,48.56207562,32,99,124,"@rgb(32,99,124)"
Hydrocotyle vulgaris,424.3155179,11.849407422703983,29.51441529,24.26304565,0,75.73695435,24 : 0 : 76 %,R/CR,0,24.26304565,75.73695435,62,0,193,"@rgb(62,0,193)"
Hyparrhenia hirta,397.9856454,43.488920136527724,14.69597481,12.06521235,73.24304508,14.69174257,12 : 73 : 15 %,S/SR,73.24304508,12.06521235,14.69174257,31,187,37,"@rgb(31,187,37)"
Hypericum hirsutum,681.1,27.55,30.68000299,17.79445891,39.71327395,42.49226714,18 : 40 : 42 %,SR/CSR,39.71327395,17.79445891,42.49226714,45,101,108,"@rgb(45,101,108)"
Hypericum humifusum,90.26537944,23.015265676404823,42.53040427,4.539948,30.63834978,64.82170222,5 : 31 : 65 %,R/SR,30.63834978,4.539948,64.82170222,12,78,165,"@rgb(12,78,165)"
Hypericum perforatum,202.145007,32.132300201313285,36.36288345,7.18660135,47.86156062,44.95183803,7 : 48 : 45 %,SR,47.86156062,7.18660135,44.95183803,18,122,115,"@rgb(18,122,115)"
Hypericum tetrapterum,248.3,23.21666666666666,34.77678108,11.0052954,31.95912958,57.03557502,11 : 32 : 57 %,R/CSR,31.95912958,11.0052954,57.03557502,28,81,145,"@rgb(28,81,145)"
Hypochaeris glabra,894.4660819,10.176844453333334,28.91561923,34.24665112,0,65.75334888,34 : 0 : 66 %,R/CR,0,34.24665112,65.75334888,87,0,168,"@rgb(87,0,168)"
Hypochaeris radicata,1819.151777,12.400144188541692,37.97535679,38.71655419,0,61.28344581,39 : 0 : 61 %,CR,0,38.71655419,61.28344581,99,0,156,"@rgb(99,0,156)"
Ilex glabra,525.5416667,44,9.786906866,16.29204028,83.57499052,0.132969195,16 : 84 : 0 %,S/CS,83.57499052,16.29204028,0.132969195,42,213,0,"@rgb(42,213,0)"
Isatis tinctoria,1159.814286,21.171273773135997,17.99417318,36.80907358,28.81792309,34.37300334,37 : 29 : 34 %,CSR,28.81792309,36.80907358,34.37300334,94,73,88,"@rgb(94,73,88)"
Jacobaea erucifolia,772.4,22.794285969248858,14.13301953,33.10653977,42.94951429,23.94394594,33 : 43 : 24 %,CS/CSR,42.94951429,33.10653977,23.94394594,84,110,61,"@rgb(84,110,61)"
Jacobaea vulgaris,2370.727972,14.128111174354496,26.34109599,49.94363706,0,50.05636294,50 : 0 : 50 %,CR,0,49.94363706,50.05636294,127,0,128,"@rgb(127,0,128)"
Juglans regia,45615.37863,31.48405068,16.73670347,71.40412936,20.39386162,8.20200902,71 : 20 : 8 %,C/CS,20.39386162,71.40412936,8.20200902,182,52,21,"@rgb(182,52,21)"
Juncus effusus,2085.000866,29.949897015125256,8.571595268,42.56086272,57.43913728,0,43 : 57 : 0 %,CS,57.43913728,42.56086272,0,109,146,0,"@rgb(109,146,0)"
Juncus tenuis,122.25,17.05359473684211,9.224661335,3.327616617,96.67238338,0,3 : 97 : 0 %,S,96.67238338,3.327616617,0,8,247,0,"@rgb(8,247,0)"
Juniperus virginiana,53.84276759,50.41829994107469,2.00399589,2.167065351,97.83293465,0,2 : 98 : 0 %,S,97.83293465,2.167065351,0,6,249,0,"@rgb(6,249,0)"
Knautia arvensis,2214.856425,16.90157143085648,18.34354978,58.53301586,2.527486622,38.93949752,59 : 3 : 39 %,CR,2.527486622,58.53301586,38.93949752,149,6,99,"@rgb(149,6,99)"
Koeleria macrantha,181.4882436,33.81499250518079,15.50535268,8.897085493,69.51785949,21.58505501,9 : 70 : 22 %,S/SR,69.51785949,8.897085493,21.58505501,23,177,55,"@rgb(23,177,55)"
Krascheninnikovia ceratoides,51.66691944,34.90367305925726,8.839160675,3.080568025,96.91943198,0,3 : 97 : 0 %,S,96.91943198,3.080568025,0,8,247,0,"@rgb(8,247,0)"
Lactuca serriola,1789.034339,18.82743964575605,20.66668713,45.27329889,14.41742091,40.3092802,45 : 14 : 40 %,CR/CSR,14.41742091,45.27329889,40.3092802,115,37,103,"@rgb(115,37,103)"
Lamium album,1023.558674,18.074718533261528,36.15974967,29.16485848,8.730261328,62.10488019,29 : 9 : 62 %,R/CR,8.730261328,29.16485848,62.10488019,74,22,158,"@rgb(74,22,158)"
Lamium amplexicaule,116.4331267,14.506664190055718,33.60315161,9.651476654,0,90.34852335,10 : 0 : 90 %,R,0,9.651476654,90.34852335,25,0,230,"@rgb(25,0,230)"
Lamium purpureum,373.9161545,14.231747201039447,37.39165277,19.57834288,0,80.42165712,20 : 0 : 80 %,R/CR,0,19.57834288,80.42165712,50,0,205,"@rgb(50,0,205)"
Lantana camara,1530.003824,30.437813828619824,16.82484679,29.74862701,49.16567479,21.0856982,30 : 49 : 21 %,S/CSR,49.16567479,29.74862701,21.0856982,76,125,54,"@rgb(76,125,54)"
Larix decidua,17.97333333,38.31843470178367,12.24371355,0,88.54525803,11.45474197,0 : 89 : 11 %,S,88.54525803,0,11.45474197,0,226,29,"@rgb(0,226,29)"
Lathyrus pratensis,671.6364583,29.427279213076236,27.14741286,17.54535398,44.63866858,37.81597744,18 : 45 : 38 %,SR/CSR,44.63866858,17.54535398,37.81597744,45,114,96,"@rgb(45,114,96)"
Lepidium campestre,195.3333333,18.77557142857143,26.56028515,13.88013416,17.94601707,68.17384877,14 : 18 : 68 %,R/SR,17.94601707,13.88013416,68.17384877,35,46,174,"@rgb(35,46,174)"
Lepidium densiflorum,244.7163636,16.63813953488372,30.22613718,17.53797161,0.568049388,81.893979,18 : 1 : 82 %,R/CR,0.568049388,17.53797161,81.893979,45,1,209,"@rgb(45,1,209)"
Lepidium virginicum,133.157185,19.776232831998662,20.13586631,11.90010314,29.85816121,58.24173565,12 : 30 : 58 %,R/CSR,29.85816121,11.90010314,58.24173565,30,76,149,"@rgb(30,76,149)"
Leucanthemum vulgare,385.0723951,20.578581873673688,18.92096451,22.82890033,31.39563373,45.77546595,23 : 31 : 46 %,R/CSR,31.39563373,22.82890033,45.77546595,58,80,117,"@rgb(58,80,117)"
Leucocrinum montanum,303.1,18.2181,11.0702284,46.20148226,32.79899444,20.99952331,46 : 33 : 21 %,CS/CSR,32.79899444,46.20148226,20.99952331,118,84,54,"@rgb(118,84,54)"
Ligustrum sinense,725.2681436,31.564350761474852,19.1996026,19.63764892,53.5230995,26.83925158,20 : 54 : 27 %,S/CSR,53.5230995,19.63764892,26.83925158,50,136,68,"@rgb(50,136,68)"
Linaria vulgaris,73.54199634,20.293565573279785,26.26398932,5.432504653,28.49933685,66.06815849,5 : 28 : 66 %,R/SR,28.49933685,5.432504653,66.06815849,14,73,168,"@rgb(14,73,168)"
Liquidambar styraciflua,6324.283688,33,16.2058961,46.27327771,39.73412147,13.99260083,46 : 40 : 14 %,CS/CSR,39.73412147,46.27327771,13.99260083,118,101,36,"@rgb(118,101,36)"
Lolium arundinaceum,2435.57159,22.34360447151047,25.45280715,38.77465927,24.24635752,36.9789832,39 : 24 : 37 %,CR/CSR,24.24635752,38.77465927,36.9789832,99,62,94,"@rgb(99,62,94)"
Lolium multiflorum,1081.837839,19.429302290233583,27.15339194,31.77160208,16.85542369,51.37297423,32 : 17 : 51 %,R/CSR,16.85542369,31.77160208,51.37297423,81,43,131,"@rgb(81,43,131)"
Lolium perenne,250.0579545,25.430165686702683,22.88837336,12.27546714,45.00604101,42.71849186,12 : 45 : 43 %,SR/CSR,45.00604101,12.27546714,42.71849186,31,115,109,"@rgb(31,115,109)"
Lolium pratense,2523.11488,26.96722892065564,19.04954312,37.69452448,37.60369067,24.70178484,38 : 38 : 25 %,CS/CSR,37.60369067,37.69452448,24.70178484,96,96,63,"@rgb(96,96,63)"
Lolium rigidum,164.518,23.39807366,24.91346631,9.654646717,39.401241,50.94411229,10 : 39 : 51 %,SR,39.401241,9.654646717,50.94411229,25,100,130,"@rgb(25,100,130)"
Lonicera japonica,1971.808914,33.89650163695736,17.73148026,29.75875169,50.2354209,20.00582741,30 : 50 : 20 %,S/CSR,50.2354209,29.75875169,20.00582741,76,128,51,"@rgb(76,128,51)"
Lotus alpinus,71.2067619,23.97452380534712,21.025348,4.818688346,47.78507713,47.39623453,5 : 48 : 47 %,SR,47.78507713,4.818688346,47.39623453,12,122,121,"@rgb(12,122,121)"
Lotus pedunculatus,831.7916667,21.048967282113058,27.53401541,25.98481842,24.2070032,49.80817838,26 : 24 : 50 %,R/CSR,24.2070032,25.98481842,49.80817838,66,62,127,"@rgb(66,62,127)"
Ludwigia palustris,75,20.140208333333334,31.02134397,5.055604041,24.9451402,69.99925576,5 : 25 : 70 %,R/SR,24.9451402,5.055604041,69.99925576,13,64,178,"@rgb(13,64,178)"
Luzula campestris,228.9801111,25.581866434936995,23.76168179,11.31069539,44.86561476,43.82368985,11 : 45 : 44 %,SR/CSR,44.86561476,11.31069539,43.82368985,29,114,112,"@rgb(29,114,112)"
Luzula multiflora,160.2271997,24.17872623217347,24.53372913,9.198750063,41.99959101,48.80165893,9 : 42 : 49 %,SR,41.99959101,9.198750063,48.80165893,23,107,124,"@rgb(23,107,124)"
Lyonia mariana,753,40,10.25689049,20.94501022,76.9630684,2.091921381,21 : 77 : 2 %,S/CS,76.9630684,20.94501022,2.091921381,53,196,5,"@rgb(53,196,5)"
Lysimachia nummularia,150.9072727,21.122947368421052,34.32628535,8.576329639,26.49084869,64.93282168,9 : 26 : 65 %,R/SR,26.49084869,8.576329639,64.93282168,22,68,166,"@rgb(22,68,166)"
Malva moschata,584.8947368,21.533333333333335,17.28258127,27.86590935,35.3089889,36.82510175,28 : 35 : 37 %,CSR,35.3089889,27.86590935,36.82510175,71,90,94,"@rgb(71,90,94)"
Medicago littoralis,92.18538462,25.421,25.3575334,5.341591003,45.89452486,48.76388413,5 : 46 : 49 %,SR,45.89452486,5.341591003,48.76388413,14,117,124,"@rgb(14,117,124)"
Medicago lupulina,293.1352734,24.457701531051054,27.70368746,12.88016389,38.3078298,48.81200631,13 : 38 : 49 %,SR/CSR,38.3078298,12.88016389,48.81200631,33,98,124,"@rgb(33,98,124)"
Medicago minima,116.0305263,30.147036704301073,22.39734012,5.903417765,56.62277336,37.47380887,6 : 57 : 37 %,SR,56.62277336,5.903417765,37.47380887,15,144,96,"@rgb(15,144,96)"
Melampyrum pratense,578.3950814,21.52679708160543,24.12319347,22.87616496,29.15765105,47.96618398,23 : 29 : 48 %,R/CSR,29.15765105,22.87616496,47.96618398,58,74,122,"@rgb(58,74,122)"
Mentha aquatica,434.7095455,19.03769453328356,25.29470826,22.40203819,18.23525877,59.36270303,22 : 18 : 59 %,R/CSR,18.23525877,22.40203819,59.36270303,57,46,151,"@rgb(57,46,151)"
Morus alba,4884.011604,33.96312898964605,18.33523749,40.66343516,41.81046955,17.52609529,41 : 42 : 18 %,CS/CSR,41.81046955,40.66343516,17.52609529,104,107,45,"@rgb(104,107,45)"
Muehlenbeckia axillaris,60.791,32.211520033333336,14.08868717,3.476845447,76.30365205,20.21950251,3 : 76 : 20 %,S/SR,76.30365205,3.476845447,20.21950251,9,195,52,"@rgb(9,195,52)"
Muhlenbergia schreberi,130.463065,34.373128397734796,33.87369636,4.990194537,52.61097463,42.39883084,5 : 53 : 42 %,SR,52.61097463,4.990194537,42.39883084,13,134,108,"@rgb(13,134,108)"
Myosotis arvensis,235.1964978,16.353534813311587,41.84970201,13.96119463,0,86.03880537,14 : 0 : 86 %,R,0,13.96119463,86.03880537,36,0,219,"@rgb(36,0,219)"
Myosotis ramosissima,1125,16.20475,31.96222222,35.36616497,0,64.63383503,35 : 0 : 65 %,R/CR,0,35.36616497,64.63383503,90,0,165,"@rgb(90,0,165)"
Nardus stricta,113.9737188,39.28660672310721,10.7283164,6.275712034,89.03944937,4.684838598,6 : 89 : 5 %,S,89.03944937,6.275712034,4.684838598,16,227,12,"@rgb(16,227,12)"
Nepeta cataria,675,26.90888288316517,27.35185224,18.85233474,40.34760256,40.8000627,19 : 40 : 41 %,SR/CSR,40.34760256,18.85233474,40.8000627,48,103,104,"@rgb(48,103,104)"
Ocimum obovatum,386.1598012,17.671463332433046,25.38787566,23.33643237,9.516039867,67.14752776,23 : 10 : 67 %,R/CR,9.516039867,23.33643237,67.14752776,60,24,171,"@rgb(60,24,171)"
Oenothera biennis,2556.9556,22.46483556344986,17.83320964,45.31993616,28.08111457,26.59894927,45 : 28 : 27 %,C/CSR,28.08111457,45.31993616,26.59894927,116,72,68,"@rgb(116,72,68)"
Onopordum acanthium,154882,21.30666666666667,14.25,89.12506934,6.315054278,4.55987638,89 : 6 : 5 %,C,6.315054278,89.12506934,4.55987638,227,16,12,"@rgb(227,16,12)"
Oxalis dillenii,353.3507143,16.34536824432024,54.18490634,15.5822678,0,84.4177322,16 : 0 : 84 %,R,0,15.5822678,84.4177322,40,0,215,"@rgb(40,0,215)"
Oxalis stricta,805.093913,15.17512071228236,57.52084443,23.21211475,0,76.78788525,23 : 0 : 77 %,R/CR,0,23.21211475,76.78788525,59,0,196,"@rgb(59,0,196)"
Panicum acuminatum,385.8081647,40.92144430930599,24.48126262,10.46675774,60.52867508,29.00456719,10 : 61 : 29 %,S/SR,60.52867508,10.46675774,29.00456719,27,154,74,"@rgb(27,154,74)"
Panicum anceps,4746.756522,32.11649494549999,20.14192028,40.59096682,39.02525769,20.38377549,41 : 39 : 20 %,CS/CSR,39.02525769,40.59096682,20.38377549,104,100,52,"@rgb(104,100,52)"
Panicum capillare,2963.642353,28.52851760223255,27.2542739,34.08231915,34.70905027,31.20863058,34 : 35 : 31 %,CSR,34.70905027,34.08231915,31.20863058,87,89,80,"@rgb(87,89,80)"
Panicum clandestinum,2046.36,28.53741830065361,23.68092021,31.00740851,38.81932327,30.17326823,31 : 39 : 30 %,CSR,38.81932327,31.00740851,30.17326823,79,99,77,"@rgb(79,99,77)"
Panicum dichotomiflorum,12006.55931,21.655563081822848,24.01840947,61.80398563,14.68555175,23.51046262,62 : 15 : 24 %,C/CSR,14.68555175,61.80398563,23.51046262,158,37,60,"@rgb(158,37,60)"
Panicum oligosanthes,389.5277619,31.090633420084885,23.21201489,13.23706996,52.39891815,34.36401188,13 : 52 : 34 %,SR/CSR,52.39891815,13.23706996,34.36401188,34,134,88,"@rgb(34,134,88)"
Papaver rhoeas,583.6577069,19.778526796069002,26.41316971,24.10220178,20.68724104,55.21055718,24 : 21 : 55 %,R/CSR,20.68724104,24.10220178,55.21055718,61,53,141,"@rgb(61,53,141)"
Parentucellia viscosa,3250,16.873250000000002,24.215,55.44775523,1.769142002,42.78310277,55 : 2 : 43 %,CR,1.769142002,55.44775523,42.78310277,141,5,109,"@rgb(141,5,109)"
Parthenocissus quinquefolia,10984.93847,17.856702495001482,28.59135743,64.76156428,4.511142995,30.72729272,65 : 5 : 31 %,C/CR,4.511142995,64.76156428,30.72729272,165,12,78,"@rgb(165,12,78)"
Pastinaca sativa,7406.7325,20.46930157608255,15.75913755,66.44377333,16.09447845,17.46174822,66 : 16 : 17 %,C/CR,16.09447845,66.44377333,17.46174822,169,41,45,"@rgb(169,41,45)"
Penstemon albidus,218.4,27.490199999999998,9.6923195,17.26947139,82.73052861,0,17 : 83 : 0 %,S/CS,82.73052861,17.26947139,0,44,211,0,"@rgb(44,211,0)"
Phalaris arundinacea,1967.592957,29.303522137304554,22.8199852,30.33653937,40.72866839,28.93479224,30 : 41 : 29 %,CSR,40.72866839,30.33653937,28.93479224,77,104,74,"@rgb(77,104,74)"
Phleum alpinum,582.9599606,32.241698529506515,21.01504718,16.67170254,53.78513093,29.54316653,17 : 54 : 30 %,S/CSR,53.78513093,16.67170254,29.54316653,43,137,75,"@rgb(43,137,75)"
Phleum pratense,1017.123546,32.76479177490976,23.38038371,20.88291733,49.15051554,29.96656713,21 : 49 : 30 %,S/CSR,49.15051554,20.88291733,29.96656713,53,125,76,"@rgb(53,125,76)"
Phyla nodiflora,140,15.283554543942254,17.87653259,20.31568297,0,79.68431703,20 : 0 : 80 %,R/CR,0,20.31568297,79.68431703,52,0,203,"@rgb(52,0,203)"
Physalis virginiana,384.6228867,20.544256999999998,19.25677866,22.59753881,30.86298772,46.53947346,23 : 31 : 47 %,R/CSR,30.86298772,22.59753881,46.53947346,58,79,119,"@rgb(58,79,119)"
Phyteuma orbiculare,1180.36,21.0345148,30.0379799,29.07105198,21.93363476,48.99531327,29 : 22 : 49 %,R/CSR,21.93363476,29.07105198,48.99531327,74,56,125,"@rgb(74,56,125)"
Picris hieracioides,1872.469421,17.801122409173367,28.95905734,41.22801886,7.174464337,51.5975168,41 : 7 : 52 %,CR,7.174464337,41.22801886,51.5975168,105,18,132,"@rgb(105,18,132)"
Pilosella aurantiaca,906.7063636,16.207666013183886,29.49396826,34.03016955,0,65.96983045,34 : 0 : 66 %,R/CR,0,34.03016955,65.96983045,87,0,168,"@rgb(87,0,168)"
Pilosella officinarum,389.6476108,21.454419422016613,13.61450832,27.53615299,44.76869917,27.69514784,28 : 45 : 28 %,S/CSR,44.76869917,27.53615299,27.69514784,70,114,71,"@rgb(70,114,71)"
Pimpinella saxifraga,1254.206934,23.29131644058816,19.07162073,33.17984582,34.43526026,32.38489392,33 : 34 : 32 %,CSR,34.43526026,33.17984582,32.38489392,85,88,83,"@rgb(85,88,83)"
Pinus palustris,312.4,26,3.457014911,7.558587363,92.44141264,0,8 : 92 : 0 %,S,92.44141264,7.558587363,0,19,236,0,"@rgb(19,236,0)"
Pityopsis graminifolia,993.4,31.13909292107193,13.41443647,26.73154376,58.97846538,14.28999086,27 : 59 : 14 %,S/CSR,58.97846538,26.73154376,14.28999086,68,150,36,"@rgb(68,150,36)"
Plantago afra,138.4514286,32.79,17.40622469,7.074174598,66.13314995,26.79267545,7 : 66 : 27 %,S/SR,66.13314995,7.074174598,26.79267545,18,169,68,"@rgb(18,169,68)"
Plantago albicans,87.74586076,27.080385008143836,11.0962271,7.874470733,81.79117575,10.33435352,8 : 82 : 10 %,S,81.79117575,7.874470733,10.33435352,20,209,26,"@rgb(20,209,26)"
Plantago coronopus,402.5,11.129275,17.77720062,36.16495464,0,63.83504536,36 : 0 : 64 %,R/CR,0,36.16495464,63.83504536,92,0,163,"@rgb(92,0,163)"
Plantago lanceolata,1146.809381,18.473607356115533,18.17302168,43.37660823,15.19620131,41.42719046,43 : 15 : 41 %,CR/CSR,15.19620131,43.37660823,41.42719046,111,39,106,"@rgb(111,39,106)"
Plantago major,5505.274792,17.967313243284362,21.55830431,61.90148035,6.733949774,31.36456988,62 : 7 : 31 %,C/CR,6.733949774,61.90148035,31.36456988,158,17,80,"@rgb(158,17,80)"
Plantago media,1891.23432,18.903009858322296,18.24543516,49.03985639,15.60792962,35.35221399,49 : 16 : 35 %,CR/CSR,15.60792962,49.03985639,35.35221399,125,40,90,"@rgb(125,40,90)"
Plantago patagonica,119.9,25.011699999999998,13.28120202,10.30765418,65.94845166,23.74389416,10 : 66 : 24 %,S/SR,65.94845166,10.30765418,23.74389416,26,168,61,"@rgb(26,168,61)"
Plantago rugelii,16091,25.48268208,15.72864076,66.60011531,21.8018624,11.59802229,67 : 22 : 12 %,C/CS,21.8018624,66.60011531,11.59802229,170,56,30,"@rgb(170,56,30)"
Poa alpina,207.298779,32.90748384050029,13.54920618,10.72371659,72.61315577,16.66312764,11 : 73 : 17 %,S/SR,72.61315577,10.72371659,16.66312764,27,185,42,"@rgb(27,185,42)"
Poa annua,127.4252381,21.665449183632585,38.6548302,6.88332878,27.18217395,65.93449727,7 : 27 : 66 %,R/SR,27.18217395,6.88332878,65.93449727,18,69,168,"@rgb(18,69,168)"
Poa bulbosa,100.6205645,29.455808333333334,30.05380543,4.676476032,49.43118373,45.89234024,5 : 49 : 46 %,SR,49.43118373,4.676476032,45.89234024,12,126,117,"@rgb(12,126,117)"
Poa colensoi,76.21478964,38.91983815670825,10.56130989,4.299162036,91.62788511,4.072952855,4 : 92 : 4 %,S,91.62788511,4.299162036,4.072952855,11,234,10,"@rgb(11,234,10)"
Poa compressa,179.7825366,31.538475070238686,20.98188506,8.255041685,58.54066562,33.2042927,8 : 59 : 33 %,S/SR,58.54066562,8.255041685,33.2042927,21,149,85,"@rgb(21,149,85)"
Poa pratensis,529.9203617,33.51476979155072,19.59327731,15.76651073,57.23439767,26.9990916,16 : 57 : 27 %,S/CSR,57.23439767,15.76651073,26.9990916,40,146,69,"@rgb(40,146,69)"
Poa supina,181.4983369,19.584456723533187,37.4497857,10.21966851,18.71465215,71.06567934,10 : 19 : 71 %,R/SR,18.71465215,10.21966851,71.06567934,26,48,181,"@rgb(26,48,181)"
Poa trivialis,1864.896464,28.992333558136973,30.90745716,27.1300242,36.83558304,36.03439276,27 : 37 : 36 %,CSR,36.83558304,27.1300242,36.03439276,69,94,92,"@rgb(69,94,92)"
Polygala vulgaris,60.50251984,25.52296207139002,19.31114217,3.82314666,54.78675556,41.39009778,4 : 55 : 41 %,SR,54.78675556,3.82314666,41.39009778,10,140,106,"@rgb(10,140,106)"
Polygonum aviculare,105.4428136,23.116740996065563,33.83428931,5.818459343,34.00923771,60.17230295,6 : 34 : 60 %,R/SR,34.00923771,5.818459343,60.17230295,15,87,153,"@rgb(15,87,153)"
Potentilla argentea,314.053,31.20811123064904,16.89246932,13.28790332,61.29010715,25.42198953,13 : 61 : 25 %,S/CSR,61.29010715,13.28790332,25.42198953,34,156,65,"@rgb(34,156,65)"
Potentilla aurea,408.0678071,30.225551778624144,19.80772042,14.86960242,54.48307553,30.64732205,15 : 54 : 31 %,S/CSR,54.48307553,14.86960242,30.64732205,38,139,78,"@rgb(38,139,78)"
Potentilla erecta,247.6193657,36.60208130487083,19.45882799,9.331560653,64.12481668,26.54362267,9 : 64 : 27 %,S/SR,64.12481668,9.331560653,26.54362267,24,164,68,"@rgb(24,164,68)"
Potentilla grandiflora,1001.759167,32.06597154592623,14.27024334,25.4235251,58.44210155,16.13437335,25 : 58 : 16 %,S/CSR,58.44210155,25.4235251,16.13437335,65,149,41,"@rgb(65,149,41)"
Potentilla neumanniana,415.482,38.27875484801379,15.36540052,13.53095943,68.72745877,17.7415818,14 : 69 : 18 %,S/SR,68.72745877,13.53095943,17.7415818,35,175,45,"@rgb(35,175,45)"
Potentilla recta,1036.336538,31.76449437126304,16.21222115,24.69499717,54.83069757,20.47430526,25 : 55 : 20 %,S/CSR,54.83069757,24.69499717,20.47430526,63,140,52,"@rgb(63,140,52)"
Potentilla reptans,2155.118075,25.78361040826847,23.89326286,33.97263881,33.59614928,32.43121191,34 : 34 : 32 %,CSR,33.59614928,33.97263881,32.43121191,87,86,83,"@rgb(87,86,83)"
Potentilla simplex,1062.108286,27.781238100603478,25.20117749,23.51766651,40.8040676,35.67826589,24 : 41 : 36 %,SR/CSR,40.8040676,23.51766651,35.67826589,60,104,91,"@rgb(60,104,91)"
Primula elatior,2831.5,15.434875,29.49238742,49.75185339,0,50.24814661,50 : 0 : 50 %,CR,0,49.75185339,50.24814661,127,0,128,"@rgb(127,0,128)"
Primula veris,3201.44,21.555238505664512,20.46495659,47.41852891,22.44498447,30.13648662,47 : 22 : 30 %,C/CSR,22.44498447,47.41852891,30.13648662,121,57,77,"@rgb(121,57,77)"
Prosopis glandulosa,2117.158181,43.637915219134854,13.73622572,27.82392684,61.84445614,10.33161702,28 : 62 : 10 %,S/CS,61.84445614,27.82392684,10.33161702,71,158,26,"@rgb(71,158,26)"
Prunella grandiflora,850.2065653,19.991555323899224,17.67629892,35.55554198,25.6675093,38.77694872,36 : 26 : 39 %,CSR,25.6675093,35.55554198,38.77694872,91,65,99,"@rgb(91,65,99)"
Prunella vulgaris,369.7864721,20.756862864580594,24.21071882,18.91573668,27.79289897,53.29136435,19 : 28 : 53 %,R/CSR,27.79289897,18.91573668,53.29136435,48,71,136,"@rgb(48,71,136)"
Prunus domestica,1198.9362,36.05894742261912,11.04082075,27.54340762,67.31885061,5.137741762,28 : 67 : 5 %,S/CS,67.31885061,27.54340762,5.137741762,70,172,13,"@rgb(70,172,13)"
Prunus virginiana,1850.5625,39.45,21.52048877,24.66777101,52.63696664,22.69526234,25 : 53 : 23 %,S/CSR,52.63696664,24.66777101,22.69526234,63,134,58,"@rgb(63,134,58)"
Pseudognaphalium obtusifolium,576,16.377801777244798,35.53459758,25.09396915,0,74.90603085,25 : 0 : 75 %,R/CR,0,25.09396915,74.90603085,64,0,191,"@rgb(64,0,191)"
Pteridium aquilinum,26571.45451,28.208577117137473,19.0761558,66.66223991,20.80379056,12.53396953,67 : 21 : 13 %,C/CS,20.80379056,66.66223991,12.53396953,170,53,32,"@rgb(170,53,32)"
Quercus alba,5121.833889,29.933719637512198,15.82142137,46.59020333,38.3782946,15.03150207,47 : 38 : 15 %,CS/CSR,38.3782946,46.59020333,15.03150207,119,98,38,"@rgb(119,98,38)"
Quercus petraea,2926.222381,43.93089942998809,18.62360482,28.94974404,54.15677393,16.89348203,29 : 54 : 17 %,S/CSR,54.15677393,28.94974404,16.89348203,74,138,43,"@rgb(74,138,43)"
Quercus rubra,7830.539225,31.317864900617753,15.6035835,51.08784282,36.14416781,12.76798937,51 : 36 : 13 %,CS/CSR,36.14416781,51.08784282,12.76798937,130,92,33,"@rgb(130,92,33)"
Quercus stellata,8162.5,31.616611661333334,20.07947405,48.14758879,33.82619847,18.02621274,48 : 34 : 18 %,CS/CSR,33.82619847,48.14758879,18.02621274,123,86,46,"@rgb(123,86,46)"
Ranunculus acris,3409.33056,23.76941967325071,19.92973169,45.06929605,28.23672536,26.69397859,45 : 28 : 27 %,C/CSR,28.23672536,45.06929605,26.69397859,115,72,68,"@rgb(115,72,68)"
Ranunculus arvensis,427.8237353,17.354638677691884,22.75756077,27.33920857,7.472775746,65.18801568,27 : 7 : 65 %,R/CR,7.472775746,27.33920857,65.18801568,70,19,166,"@rgb(70,19,166)"
Ranunculus bulbosus,1463.739903,18.417773801365094,21.24248059,42.91582964,12.6859166,44.39825376,43 : 13 : 44 %,CR/CSR,12.6859166,42.91582964,44.39825376,109,32,113,"@rgb(109,32,113)"
Ranunculus flammula,72.69777778,17.792208317392006,19.90362064,8.487553704,15.85378067,75.65866563,8 : 16 : 76 %,R/SR,15.85378067,8.487553704,75.65866563,22,40,193,"@rgb(22,40,193)"
Ranunculus montanus,1199.39826,22.438861470257674,14.74105693,38.9372095,36.95223835,24.11055215,39 : 37 : 24 %,CS/CSR,36.95223835,38.9372095,24.11055215,99,94,61,"@rgb(99,94,61)"
Rhamnus cathartica,2196.901481,28.029254060181007,30.37521612,29.7924151,34.65451178,35.55307312,30 : 35 : 36 %,CSR,34.65451178,29.7924151,35.55307312,76,88,91,"@rgb(76,88,91)"
Rhinanthus alectorolophus,511.74,25.222740365464375,19.54018785,20.19200355,44.58582583,35.22217063,20 : 45 : 35 %,SR/CSR,44.58582583,20.19200355,35.22217063,51,114,90,"@rgb(51,114,90)"
Rhinanthus minor,186.1329756,28.754425709915044,20.26168233,9.400235681,55.47425164,35.12551268,9 : 55 : 35 %,SR,55.47425164,9.400235681,35.12551268,24,141,90,"@rgb(24,141,90)"
Rhus copallinum,3851.533333,37,15.10002011,37.69324997,49.48068928,12.82606075,38 : 49 : 13 %,CS/CSR,49.48068928,37.69324997,12.82606075,96,126,33,"@rgb(96,126,33)"
Rosa canina,1553.973012,41.90382674,15.40542875,24.27404994,61.41232436,14.3136257,24 : 61 : 14 %,S/CSR,61.41232436,24.27404994,14.3136257,62,157,36,"@rgb(62,157,36)"
Rosa multiflora,3330.125283,29.55989652587987,27.79871176,34.56325963,35.18646072,30.25027965,35 : 35 : 30 %,CSR,35.18646072,34.56325963,30.25027965,88,90,77,"@rgb(88,90,77)"
Rubia peregrina,434.5775967,22.774584730680612,14.94361035,24.65651673,45.86916016,29.47432311,25 : 46 : 29 %,S/CSR,45.86916016,24.65651673,29.47432311,63,117,75,"@rgb(63,117,75)"
Rubus allegheniensis,3546.145499,34.41271891656012,22.79837351,34.09052982,42.47284878,23.4366214,34 : 42 : 23 %,CS/CSR,42.47284878,34.09052982,23.4366214,87,108,60,"@rgb(87,108,60)"
Rubus caesius,5164.862271,33.98004068492491,21.47488904,39.67840566,39.61713976,20.70445457,40 : 40 : 21 %,CS/CSR,39.61713976,39.67840566,20.70445457,101,101,53,"@rgb(101,101,53)"
Rubus flagellaris,1840.049474,24.572840321052634,27.40322127,31.60220627,30.45176047,37.94603326,32 : 30 : 38 %,CSR,30.45176047,31.60220627,37.94603326,81,78,97,"@rgb(81,78,97)"
Rubus fruticosus,4922.526838,35.24158017906615,17.85822075,40.17237936,43.30019816,16.52742248,40 : 43 : 17 %,CS/CSR,43.30019816,40.17237936,16.52742248,102,110,42,"@rgb(102,110,42)"
Rubus idaeus,6587.300318,35.9158322,23.11983084,40.87530299,38.66841786,20.45627915,41 : 39 : 20 %,CS/CSR,38.66841786,40.87530299,20.45627915,104,99,52,"@rgb(104,99,52)"
Rubus occidentalis,2902.864516,32.89769871123902,31.30896296,29.83084098,38.87264645,31.29651257,30 : 39 : 31 %,CSR,38.87264645,29.83084098,31.29651257,76,99,80,"@rgb(76,99,80)"
Rumex acetosa,1406.018921,14.734139805441524,26.64001684,42.32999397,0,57.67000603,42 : 0 : 58 %,CR,0,42.32999397,57.67000603,108,0,147,"@rgb(108,0,147)"
Rumex acetosella,237.9146281,13.499623088995675,21.99300954,22.50910075,0,77.49089925,23 : 0 : 77 %,R/CR,0,22.50910075,77.49089925,57,0,198,"@rgb(57,0,198)"
Rumex obtusifolius,27835.5,14.342531254444443,31.085732,76.04482527,0,23.95517473,76 : 0 : 24 %,C/CR,0,76.04482527,23.95517473,194,0,61,"@rgb(194,0,61)"
Salix caprea,2082.287143,33.913864054875944,16.01323209,31.44766443,51.5215432,17.03079237,31 : 52 : 17 %,S/CSR,51.5215432,31.44766443,17.03079237,80,131,43,"@rgb(80,131,43)"
Salix repens,125.5001987,40.18255873015873,14.5464358,5.814044313,77.57056913,16.61538655,6 : 78 : 17 %,S/SR,77.57056913,5.814044313,16.61538655,15,198,42,"@rgb(15,198,42)"
Sambucus nigra,8723.918503,24.874130346609373,21.45434175,54.94044488,23.39970688,21.65984825,55 : 23 : 22 %,C/CSR,23.39970688,54.94044488,21.65984825,140,60,55,"@rgb(140,60,55)"
Sanguisorba minor,924.9656231,35.151155792824994,18.10726373,20.6978977,56.98109224,22.32101007,21 : 57 : 22 %,S/CSR,56.98109224,20.6978977,22.32101007,53,145,57,"@rgb(53,145,57)"
Scabiosa columbaria,1058.297023,21.573813292100812,19.48538521,33.31280791,29.6308116,37.05638049,33 : 30 : 37 %,CSR,29.6308116,33.31280791,37.05638049,85,76,94,"@rgb(85,76,94)"
Scorzonera laciniata,404.75,19.800857142857144,18.52298215,25.17449304,27.55061022,47.27489673,25 : 28 : 47 %,R/CSR,27.55061022,25.17449304,47.27489673,64,70,121,"@rgb(64,70,121)"
Scorzoneroides autumnalis,828.7037172,17.202127607341826,23.9043548,35.60747884,5.185166483,59.20735467,36 : 5 : 59 %,CR,5.185166483,35.60747884,59.20735467,91,13,151,"@rgb(91,13,151)"
Securigera varia,942.3149316,24.474294597843897,23.2765041,25.63822187,36.0549794,38.30679873,26 : 36 : 38 %,CSR,36.0549794,25.63822187,38.30679873,65,92,98,"@rgb(65,92,98)"
Senecio vulgaris,383.4104687,11.241556808171177,28.23512081,23.76658399,0,76.23341601,24 : 0 : 76 %,R/CR,0,23.76658399,76.23341601,61,0,194,"@rgb(61,0,194)"
Setaria viridis,517.6394978,27.55501871311033,28.705396,15.80147121,41.92206233,42.27646646,16 : 42 : 42 %,SR/CSR,41.92206233,15.80147121,42.27646646,40,107,108,"@rgb(40,107,108)"
Sideroxylon lanuginosum,913.1666667,25.523427166583335,20.34214847,25.80092849,40.940239,33.25883251,26 : 41 : 33 %,CSR,40.940239,25.80092849,33.25883251,66,104,85,"@rgb(66,104,85)"
Silene colorata,111.5568747,22.353,20.76670739,8.350829339,41.59470353,50.05446713,8 : 42 : 50 %,SR,41.59470353,8.350829339,50.05446713,21,106,128,"@rgb(21,106,128)"
Silene latifolia,587.714479,17.272380762397038,22.65722418,31.91286491,6.375140168,61.71199492,32 : 6 : 62 %,R/CR,6.375140168,31.91286491,61.71199492,81,16,157,"@rgb(81,16,157)"
Silene vulgaris,706.6059309,16.48395407206543,22.63595488,36.73199307,0,63.26800693,37 : 0 : 63 %,R/CR,0,36.73199307,63.26800693,94,0,161,"@rgb(94,0,161)"
Smilax bona-nox,6075,34,19.35,42.88361112,39.2847055,17.83168338,43 : 39 : 18 %,CS/CSR,39.2847055,42.88361112,17.83168338,109,100,45,"@rgb(109,100,45)"
Solidago gigantea,891.0525547,30.560353612525404,18.55494463,22.57557222,51.55354494,25.87088284,23 : 52 : 26 %,S/CSR,51.55354494,22.57557222,25.87088284,58,131,66,"@rgb(58,131,66)"
Solidago nemoralis,507.8971609,31.875596202020397,12.81440783,19.40646468,67.15476914,13.43876618,19 : 67 : 13 %,S/CS,67.15476914,19.40646468,13.43876618,49,171,34,"@rgb(49,171,34)"
Solidago rugosa,1154.016623,30.196561390951903,19.76762285,25.00480299,48.01776003,26.97743698,25 : 48 : 27 %,S/CSR,48.01776003,25.00480299,26.97743698,64,122,69,"@rgb(64,122,69)"
Solidago virgaurea,1895.980906,20.534630752899155,28.71979067,36.35852564,18.79698987,44.84448449,36 : 19 : 45 %,CR/CSR,18.79698987,36.35852564,44.84448449,93,48,114,"@rgb(93,48,114)"
Sonchus arvensis,3600.166667,10.880844227229694,30.2900482,52.45638836,0,47.54361164,52 : 0 : 48 %,CR,0,52.45638836,47.54361164,134,0,121,"@rgb(134,0,121)"
Sonchus oleraceus,6535.596978,13.320065517367272,35.43342504,57.2526738,0,42.7473262,57 : 0 : 43 %,CR,0,57.2526738,42.7473262,146,0,109,"@rgb(146,0,109)"
Sorghum halepense,6686.300457,28.840257038727536,21.33674946,47.17155963,31.56183488,21.26660549,47 : 32 : 21 %,C/CSR,31.56183488,47.17155963,21.26660549,120,80,54,"@rgb(120,80,54)"
Spergularia rubra,5.617,11.766666666666667,17.20059835,0,0,100,0 : 0 : 100 %,R,0,0,100,0,0,255,"@rgb(0,0,255)"
Sphaeralcea coccinea,264.225,32.19941987368926,11.06500814,14.34164345,78.49865846,7.159698094,14 : 78 : 7 %,S/CS,78.49865846,14.34164345,7.159698094,37,200,18,"@rgb(37,200,18)"
Stachys officinalis,1942.87013,20.683083594912908,23.42323054,39.73443328,20.93899646,39.32657026,40 : 21 : 39 %,CR/CSR,20.93899646,39.73443328,39.32657026,101,53,100,"@rgb(101,53,100)"
Stellaria graminea,158.553,19.727083322036364,22.1973168,12.64338437,26.95104069,60.40557494,13 : 27 : 60 %,R/CSR,26.95104069,12.64338437,60.40557494,32,69,154,"@rgb(32,69,154)"
Stellaria media,226.6374644,13.063556965164395,61.66950486,11.13920537,0,88.86079463,11 : 0 : 89 %,R,0,11.13920537,88.86079463,28,0,227,"@rgb(28,0,227)"
Stenaria nigricans,18.46464,30.75023031763132,17.24889851,0,69.40478987,30.59521013,0 : 69 : 31 %,S/SR,69.40478987,0,30.59521013,0,177,78,"@rgb(0,177,78)"
Stipa capensis,40.72475,35.81446996605961,10.62909076,1.814085264,93.2080763,4.977838434,2 : 93 : 5 %,S,93.2080763,1.814085264,4.977838434,5,238,13,"@rgb(5,238,13)"
Stipa comata,117.2414286,43.656125,8.521898096,6.019308935,93.98069106,0,6 : 94 : 0 %,S,93.98069106,6.019308935,0,15,240,0,"@rgb(15,240,0)"
Symphyotrichum ericoides,72.70389163,24.539801537417418,14.84401102,6.043400981,62.11152991,31.84506911,6 : 62 : 32 %,S/SR,62.11152991,6.043400981,31.84506911,15,158,81,"@rgb(15,158,81)"
Symphyotrichum laeve,1228.649,27.03368597075141,14.64910576,32.15282521,48.5113638,19.33581099,32 : 49 : 19 %,S/CSR,48.5113638,32.15282521,19.33581099,82,124,49,"@rgb(82,124,49)"
Symphyotrichum novae-angliae,321.4239866,23.37243457609594,20.89581237,16.4784415,40.61441266,42.90714584,16 : 41 : 43 %,SR/CSR,40.61441266,16.4784415,42.90714584,42,104,109,"@rgb(42,104,109)"
Taeniatherum caput-medusae,316.46375,39.35340876451217,23.25149287,9.693928371,61.25760242,29.04846921,10 : 61 : 29 %,S/SR,61.25760242,9.693928371,29.04846921,25,156,74,"@rgb(25,156,74)"
Tanacetum vulgare,4142.835667,29.22798369371859,20.93436489,40.73141085,36.09433865,23.1742505,41 : 36 : 23 %,CS/CSR,36.09433865,40.73141085,23.1742505,104,92,59,"@rgb(104,92,59)"
Thymus serpyllum,8.802540909,34.13837583710393,17.60776061,0,71.95998727,28.04001273,0 : 72 : 28 %,S/SR,71.95998727,0,28.04001273,0,183,72,"@rgb(0,183,72)"
Tilia cordata,4004.360795,34.417730606232794,22.08194677,35.89422156,41.86681745,22.23896099,36 : 42 : 22 %,CS/CSR,41.86681745,35.89422156,22.23896099,92,107,57,"@rgb(92,107,57)"
Tilia platyphyllos,8118.544333,23.01252467106283,29.73301408,51.69716798,18.50563247,29.79719955,52 : 19 : 30 %,C/CSR,18.50563247,51.69716798,29.79719955,132,47,76,"@rgb(132,47,76)"
Torilis arvensis,211.0463636,29.937588235294115,20.97175542,9.711646685,55.8276309,34.46072241,10 : 56 : 34 %,SR,55.8276309,9.711646685,34.46072241,25,142,88,"@rgb(25,142,88)"
Toxicodendron radicans,14236.20761,30.46743373548916,35.56536308,50.22673974,24.82069392,24.95256634,50 : 25 : 25 %,C/CSR,24.82069392,50.22673974,24.95256634,128,63,64,"@rgb(128,63,64)"
Tragopogon dubius,783.9787542,21.921933333333335,18.9520639,29.34758349,33.13105762,37.52135889,29 : 33 : 38 %,CSR,33.13105762,29.34758349,37.52135889,75,84,96,"@rgb(75,84,96)"
Tragopogon orientalis,883.55,18.680176470588236,23.914375,32.77303846,14.77312207,52.45383947,33 : 15 : 52 %,R/CSR,14.77312207,32.77303846,52.45383947,84,38,134,"@rgb(84,38,134)"
Tragopogon pratensis,776.1333333,19.02986498809365,19.11394756,34.8969614,19.64342096,45.45961765,35 : 20 : 45 %,CR/CSR,19.64342096,34.8969614,45.45961765,89,50,116,"@rgb(89,50,116)"
Tridens flavus,989.33504,46.669017540009456,16.2545642,17.98000573,66.61900258,15.40099169,18 : 67 : 15 %,S/CS,66.61900258,17.98000573,15.40099169,46,170,39,"@rgb(46,170,39)"
Trifolium arvense,73.59239864,41.74806400897193,19.03511745,2.996199026,72.31496355,24.68883742,3 : 72 : 25 %,S/SR,72.31496355,2.996199026,24.68883742,8,184,63,"@rgb(8,184,63)"
Trifolium badium,303.0285655,21.680125114374476,21.84635427,17.01141487,34.17364387,48.81494126,17 : 34 : 49 %,SR/CSR,34.17364387,17.01141487,48.81494126,43,87,124,"@rgb(43,87,124)"
Trifolium campestre,1074.73047,22.254237451975033,31.49127697,26.04853262,25.64962062,48.30184676,26 : 26 : 48 %,R/CSR,25.64962062,26.04853262,48.30184676,66,65,123,"@rgb(66,65,123)"
Trifolium dubium,126.9763187,23.21711480909091,31.88893101,7.008716269,34.89480597,58.09647777,7 : 35 : 58 %,SR,34.89480597,7.008716269,58.09647777,18,89,148,"@rgb(18,89,148)"
Trifolium hybridum,4090.581111,22.698176623081494,23.56953085,46.38613433,22.96632387,30.64754181,46 : 23 : 31 %,C/CSR,22.96632387,46.38613433,30.64754181,118,59,78,"@rgb(118,59,78)"
Trifolium pratense,949.768069,27.18582978911634,22.62859749,23.72131211,42.13349048,34.14519741,24 : 42 : 34 %,SR/CSR,42.13349048,23.72131211,34.14519741,60,107,87,"@rgb(60,107,87)"
Triodanis perfoliata,114.12,17.919075133627175,36.8,7.998144247,10.21622227,81.78563348,8 : 10 : 82 %,R,10.21622227,7.998144247,81.78563348,20,26,209,"@rgb(20,26,209)"
Trisetum flavescens,536.057018,36.63285702251618,25.2769929,13.54413651,55.13804031,31.31782318,14 : 55 : 31 %,S/CSR,55.13804031,13.54413651,31.31782318,35,141,80,"@rgb(35,141,80)"
Turritis glabra,1358.678716,17.257130088349083,24.77145024,41.52029373,4.903670646,53.57603562,42 : 5 : 54 %,CR,4.903670646,41.52029373,53.57603562,106,13,137,"@rgb(106,13,137)"
Urtica dioica,2497.895649,26.32894558685307,26.50721452,34.08947424,32.51574902,33.39477674,34 : 33 : 33 %,CSR,32.51574902,34.08947424,33.39477674,87,83,85,"@rgb(87,83,85)"
Vaccinium angustifolium,223.1623729,33.13610790431053,23.36769394,8.813857757,57.01842055,34.1677217,9 : 57 : 34 %,SR,57.01842055,8.813857757,34.1677217,22,145,87,"@rgb(22,145,87)"
Valerianella locusta,225.0136174,11.051468136616693,44.49730136,13.10322777,0,86.89677223,13 : 0 : 87 %,R,0,13.10322777,86.89677223,33,0,222,"@rgb(33,0,222)"
Verbascum thapsus,6804.829455,23.038868404028808,15.13623612,60.73769117,23.95978734,15.30252149,61 : 24 : 15 %,C/CSR,23.95978734,60.73769117,15.30252149,155,61,39,"@rgb(155,61,39)"
Verbena hastata,1743.019667,24.377356352630276,24.51066939,32.46982942,31.61132956,35.91884102,32 : 32 : 36 %,CSR,31.61132956,32.46982942,35.91884102,83,81,92,"@rgb(83,81,92)"
Verbesina occidentalis,4115.841379,26.726039751032232,18.99028768,44.49284479,33.31440294,22.19275228,44 : 33 : 22 %,CS/CSR,33.31440294,44.49284479,22.19275228,113,85,57,"@rgb(113,85,57)"
Veronica arvensis,69.90830149,12.96519368833389,60.70731029,4.06638475,0,95.93361525,4 : 0 : 96 %,R,0,4.06638475,95.93361525,10,0,245,"@rgb(10,0,245)"
Veronica chamaedrys,286.4866667,24.034132660622223,24.33591133,13.76032156,39.73435591,46.50532252,14 : 40 : 47 %,SR/CSR,39.73435591,13.76032156,46.50532252,35,101,119,"@rgb(35,101,119)"
Veronica filiformis,37.0329534,17.53681984536791,36.66823368,1.707714891,8.167618422,90.12466669,2 : 8 : 90 %,R,8.167618422,1.707714891,90.12466669,4,21,230,"@rgb(4,21,230)"
Veronica hederifolia,113.5428503,12.866995755947706,29.03903446,10.5594988,0,89.4405012,11 : 0 : 89 %,R,0,10.5594988,89.4405012,27,0,228,"@rgb(27,0,228)"
Veronica persica,90.90065285,15.740541602431207,32.94346258,7.838483113,0,92.16151689,8 : 0 : 92 %,R,0,7.838483113,92.16151689,20,0,235,"@rgb(20,0,235)"
Veronica polita,31.53,15.100714285714286,27.69628609,1.353382596,0,98.6466174,1 : 0 : 99 %,R,0,1.353382596,98.6466174,3,0,252,"@rgb(3,0,252)"
Veronica serpyllifolia,82.43333333,17.5,11.55404842,24.49394393,30.32860003,45.17745603,24 : 30 : 45 %,R/CSR,30.32860003,24.49394393,45.17745603,62,77,115,"@rgb(62,77,115)"
Viburnum opulus,2852.730577,33.292085577992644,20.62966367,33.0759891,44.28693258,22.63707833,33 : 44 : 23 %,CS/CSR,44.28693258,33.0759891,22.63707833,84,113,58,"@rgb(84,113,58)"
Vicia cracca,535.3534215,27.379967091183705,26.91557173,16.58729503,42.53063961,40.88206536,17 : 43 : 41 %,SR/CSR,42.53063961,16.58729503,40.88206536,42,108,104,"@rgb(42,108,104)"
Vicia hirsuta,435.5142857,24.033333333333335,20.17538733,19.24664406,41.77714266,38.97621327,19 : 42 : 39 %,SR/CSR,41.77714266,19.24664406,38.97621327,49,107,99,"@rgb(49,107,99)"
Vicia lathyroides,168,23.725583333333333,33.99021472,8.299889624,34.63534143,57.06476895,8 : 35 : 57 %,SR,34.63534143,8.299889624,57.06476895,21,88,146,"@rgb(21,88,146)"
Vicia sativa,223.2393939,20.560256612479147,21.33485227,15.40828198,31.02710693,53.5646111,15 : 31 : 54 %,R/CSR,31.02710693,15.40828198,53.5646111,39,79,137,"@rgb(39,79,137)"
Vicia sepium,2033.557037,26.778978800036953,36.35334321,28.1790473,31.25415243,40.56680027,28 : 31 : 41 %,CSR,31.25415243,28.1790473,40.56680027,72,80,103,"@rgb(72,80,103)"
Vicia villosa,337.4381136,23.515488508349055,30.29908168,13.98231511,33.91524912,52.10243577,14 : 34 : 52 %,SR/CSR,33.91524912,13.98231511,52.10243577,36,86,133,"@rgb(36,86,133)"
Vincetoxicum nigrum,1732.545455,27.37272727272727,24.04352102,29.78988791,37.82459285,32.38551924,30 : 38 : 32 %,CSR,37.82459285,29.78988791,32.38551924,76,96,83,"@rgb(76,96,83)"
Viola arvensis,188.6269663,16.392403972418794,41.59481574,12.10499024,0,87.89500976,12 : 0 : 88 %,R,0,12.10499024,87.89500976,31,0,224,"@rgb(31,0,224)"
Viola hirta,1315.105433,21.814162977188555,19.94517841,35.35587742,28.85299518,35.79112739,35 : 29 : 36 %,CSR,28.85299518,35.35587742,35.79112739,90,74,91,"@rgb(90,74,91)"
Vitis rotundifolia,2544.833333,32,37.4562103,27.45336434,36.89976065,35.64687501,27 : 37 : 36 %,CSR,36.89976065,27.45336434,35.64687501,70,94,91,"@rgb(70,94,91)"
Vulpia myuros,41.0970571,26.582347993040194,12.0708788,2.606230956,80.0367854,17.35698364,3 : 80 : 17 %,S/SR,80.0367854,2.606230956,17.35698364,7,204,44,"@rgb(7,204,44)"
Vulpia octoflora,14.4238,27.7615,17.79321421,0,64.21552996,35.78447004,0 : 64 : 36 %,S/SR,64.21552996,0,35.78447004,0,164,91,"@rgb(0,164,91)"