time_period_cover_change,experiment,Demo_trait,Comm_var,term,estimate,std.error,statistic,p.value,hypoth,model
T0-T1,DIST,FirstStepAtt,site_time_rich,Demo_value,0.042112514616188125,0.031310991538720294,1.3449754398263076,0.1816455300975393,H3,FirstStepAtt_site_time_rich_T0-T1_DIST
T0-T1,DIST,FirstStepAtt,site_time_rich,Comm_value,0.017901031652763244,0.028098556589300796,0.6370801146269376,0.5255141015538586,H3,FirstStepAtt_site_time_rich_T0-T1_DIST
T0-T1,DIST,FirstStepAtt,site_time_rich,Demo_value:Comm_value,0.015733494179491672,0.027704237190439213,0.5679093082888177,0.5713568983728285,H3,FirstStepAtt_site_time_rich_T0-T1_DIST
T0-T1,DIST,FirstStepAtt,site_time_simp,Demo_value,0.02771523569725495,0.0285982676535752,0.9691228864972924,0.3347989294878758,H3,FirstStepAtt_site_time_simp_T0-T1_DIST
T0-T1,DIST,FirstStepAtt,site_time_simp,Comm_value,0.02434367294705132,0.02683969037029012,0.9070027489586192,0.3665642315665889,H3,FirstStepAtt_site_time_simp_T0-T1_DIST
T0-T1,DIST,FirstStepAtt,site_time_simp,Demo_value:Comm_value,-0.013582521113449306,0.023892164613130592,-0.568492697643003,0.5709623176358644,H3,FirstStepAtt_site_time_simp_T0-T1_DIST
T0-T1,DIST,FirstStepAtt,site_time_shan,Demo_value,0.04199657012519818,0.028278051491590763,1.4851295584381756,0.14062405954408216,H3,FirstStepAtt_site_time_shan_T0-T1_DIST
T0-T1,DIST,FirstStepAtt,site_time_shan,Comm_value,0.041049398280373635,0.026406283192984242,1.554531471936946,0.12318573056003794,H3,FirstStepAtt_site_time_shan_T0-T1_DIST
T0-T1,DIST,FirstStepAtt,site_time_shan,Demo_value:Comm_value,0.019728445397252853,0.027017392988091707,0.7302127709342068,0.4669504944962489,H3,FirstStepAtt_site_time_shan_T0-T1_DIST
T0-T1,DIST,FirstStepAtt,site_time_invsimp,Demo_value,0.030167023857974533,0.027836378831397553,1.0837265881705909,0.2810163679585008,H3,FirstStepAtt_site_time_invsimp_T0-T1_DIST
T0-T1,DIST,FirstStepAtt,meanSigmas,Demo_value,0.013693160599704405,0.037277468501938665,0.3673307536693988,0.7143545254663897,H3,FirstStepAtt_meanSigmas_T0-T1_DIST
T0-T1,DIST,FirstStepAtt,meanSigmas,Comm_value,0.04970500958442852,0.03963607446134965,1.2540346202270205,0.2135274857606145,H3,FirstStepAtt_meanSigmas_T0-T1_DIST
T0-T1,DIST,FirstStepAtt,meanSigmas,Demo_value:Comm_value,-0.028550966886907638,0.018469703248047017,-1.5458270500326858,0.1261430887320983,H3,FirstStepAtt_meanSigmas_T0-T1_DIST
T0-T1,DIST,FirstStepAtt,sigmaonMeans,Demo_value,0.015222178722934725,0.03805256721613485,0.4000302696129342,0.6902138410778881,H3,FirstStepAtt_sigmaonMeans_T0-T1_DIST
T0-T1,DIST,FirstStepAtt,sigmaonMeans,Comm_value,0.04543756500563907,0.04222799430684023,1.0760057575900295,0.2851997962966997,H3,FirstStepAtt_sigmaonMeans_T0-T1_DIST
T0-T1,DIST,FirstStepAtt,sigmaonMeans,Demo_value:Comm_value,-0.026440666535779665,0.017736850137450876,-1.4907193966729706,0.1400173528402981,H3,FirstStepAtt_sigmaonMeans_T0-T1_DIST
T0-T1,DIST,FirstStepAtt,variability,Demo_value,0.008146536788000232,0.03449527249156515,0.23616386245368082,0.8139167422455317,H3,FirstStepAtt_variability_T0-T1_DIST
T0-T1,DIST,FirstStepAtt,variability,Comm_value,-0.002150618925340782,0.029344443500435406,-0.07328879572409923,0.9417615537868453,H3,FirstStepAtt_variability_T0-T1_DIST
T0-T1,DIST,FirstStepAtt,variability,Demo_value:Comm_value,0.010156038422798472,0.02619978967408136,0.38763816615083463,0.6993262838660363,H3,FirstStepAtt_variability_T0-T1_DIST
T0-T1,DIST,FirstStepAtt,mean_cover,Demo_value,0.03486805293483108,0.04476940567102255,0.7788366276526154,0.43789692007715497,H3,FirstStepAtt_mean_cover_T0-T1_DIST
T0-T1,DIST,FirstStepAtt,mean_cover,Comm_value,0.023343776020673387,0.026909018643089505,0.8675075197017001,0.3877204472404543,H3,FirstStepAtt_mean_cover_T0-T1_DIST
T0-T1,DIST,FirstStepAtt,mean_cover,Demo_value:Comm_value,0.001762756237902374,0.038549468852583126,0.04572712129039504,0.9636180369157765,H3,FirstStepAtt_mean_cover_T0-T1_DIST
T0-T1,DIST,Lambda,site_time_rich,Demo_value,-9.935323033090485e-4,0.030551440885150525,-0.03251998185761357,0.9741671469215554,H4,Lambda_site_time_rich_T0-T1_DIST
T0-T1,DIST,Lambda,site_time_rich,Comm_value,0.027433366630979564,0.032652306607449916,0.8401662694396113,0.4042070331642281,H4,Lambda_site_time_rich_T0-T1_DIST
T0-T1,DIST,Lambda,site_time_rich,Demo_value:Comm_value,-0.003361256863725585,0.04151576488042793,-0.08096338519611875,0.9357450938130045,H4,Lambda_site_time_rich_T0-T1_DIST
T0-T1,DIST,Lambda,site_time_simp,Demo_value,0.014056441043756586,0.028318034001102936,0.49637771616522225,0.6214722768807054,H4,Lambda_site_time_simp_T0-T1_DIST
T0-T1,DIST,Lambda,site_time_simp,Comm_value,0.06604054521318005,0.028007352816536612,2.35797169571082,0.021709398632807717,H4,Lambda_site_time_simp_T0-T1_DIST
T0-T1,DIST,Lambda,site_time_simp,Demo_value:Comm_value,-0.022731748580255794,0.03032588321597379,-0.7495824084781189,0.4564847669710682,H4,Lambda_site_time_simp_T0-T1_DIST
T0-T1,DIST,Lambda,site_time_shan,Demo_value,0.01064066392095345,0.026282675119037962,0.4048546760464974,0.6870484762737159,H4,Lambda_site_time_shan_T0-T1_DIST
T0-T1,DIST,Lambda,site_time_shan,Comm_value,0.07721932884349746,0.03605630365104871,2.141631865285545,0.036362948883632236,H4,Lambda_site_time_shan_T0-T1_DIST
T0-T1,DIST,Lambda,site_time_shan,Demo_value:Comm_value,-0.0045588334375648775,0.03400130640712172,-0.13407818461381266,0.8937970691713688,H4,Lambda_site_time_shan_T0-T1_DIST
T0-T1,DIST,Lambda,site_time_invsimp,Demo_value,-0.005707231198613285,0.033152259063160036,-0.17215210546406964,0.8638878300544722,H4,Lambda_site_time_invsimp_T0-T1_DIST
T0-T1,DIST,Lambda,meanSigmas,Demo_value,-0.01727712274739479,0.03739450457551655,-0.4620230417147098,0.6461521507663975,H4,Lambda_meanSigmas_T0-T1_DIST
T0-T1,DIST,Lambda,meanSigmas,Comm_value,-0.015798009882949552,0.03124422330426549,-0.5056297840757269,0.6154307380878179,H4,Lambda_meanSigmas_T0-T1_DIST
T0-T1,DIST,Lambda,meanSigmas,Demo_value:Comm_value,-0.061576915385349706,0.035426277902877105,-1.7381706188317572,0.08859269439475113,H4,Lambda_meanSigmas_T0-T1_DIST
T0-T1,DIST,Lambda,sigmaonMeans,Demo_value,-0.01233312949264308,0.03668002166854627,-0.33623561087530507,0.738158696584549,H4,Lambda_sigmaonMeans_T0-T1_DIST
T0-T1,DIST,Lambda,sigmaonMeans,Comm_value,-0.020628399887425757,0.033124773389390946,-0.6227484078134864,0.5363974521186713,H4,Lambda_sigmaonMeans_T0-T1_DIST
T0-T1,DIST,Lambda,sigmaonMeans,Demo_value:Comm_value,-0.062265499424428425,0.03567742332838103,-1.745235322947127,0.08734323527128175,H4,Lambda_sigmaonMeans_T0-T1_DIST
T0-T1,DIST,Lambda,variability,Demo_value,0.0066198438589080005,0.033202564922200174,0.1993774840714726,0.8428096789374233,H4,Lambda_variability_T0-T1_DIST
T0-T1,DIST,Lambda,variability,Comm_value,0.012435380890973553,0.032360053481405394,0.38428183989618936,0.7024667823466699,H4,Lambda_variability_T0-T1_DIST
T0-T1,DIST,Lambda,variability,Demo_value:Comm_value,0.048228737238879486,0.025738015187186356,1.8738328067694245,0.06704779416911523,H4,Lambda_variability_T0-T1_DIST
T0-T1,DIST,Lambda,mean_cover,Demo_value,-0.01190231143453333,0.034909849785889256,-0.3409442179652204,0.7343567336236057,H4,Lambda_mean_cover_T0-T1_DIST
T0-T1,DIST,Lambda,mean_cover,Comm_value,-0.015923105662393494,0.022096917874909184,-0.7206030158836773,0.4739993127855978,H4,Lambda_mean_cover_T0-T1_DIST
T0-T1,DIST,Lambda,mean_cover,Demo_value:Comm_value,0.021668989619455147,0.01949326982570779,1.1116138961395798,0.27081350718371716,H4,Lambda_mean_cover_T0-T1_DIST
T0-T1,DIST,R0,site_time_rich,Demo_value,9.890154713179688e-4,0.021435149372512403,0.046139891732513115,0.96328985776064,H1,R0_site_time_rich_T0-T1_DIST
T0-T1,DIST,R0,site_time_rich,Comm_value,0.015555629000301996,0.028495601652547713,0.5458957908653671,0.5863413132994377,H1,R0_site_time_rich_T0-T1_DIST
T0-T1,DIST,R0,site_time_rich,Demo_value:Comm_value,0.006909562661654757,0.023965159354042895,0.288316992162588,0.7736949525453776,H1,R0_site_time_rich_T0-T1_DIST
T0-T1,DIST,R0,site_time_simp,Demo_value,0.006060165107406162,0.031835233114308546,0.1903603182563907,0.84940888174089,H1,R0_site_time_simp_T0-T1_DIST
T0-T1,DIST,R0,site_time_simp,Comm_value,0.022772471382112643,0.03026467099604238,0.7524440422659981,0.4535341723232711,H1,R0_site_time_simp_T0-T1_DIST
T0-T1,DIST,R0,site_time_simp,Demo_value:Comm_value,0.004029627633198341,0.03365364241756141,0.11973823169570404,0.9049283679449248,H1,R0_site_time_simp_T0-T1_DIST
T0-T1,DIST,R0,site_time_shan,Demo_value,0.0054903397902196106,0.026284048691367707,0.20888485844354587,0.8349588291462365,H1,R0_site_time_shan_T0-T1_DIST
T0-T1,DIST,R0,site_time_shan,Comm_value,0.041356371009073294,0.027852278228247422,1.484846972666322,0.14069881226297953,H1,R0_site_time_shan_T0-T1_DIST
T0-T1,DIST,R0,site_time_shan,Demo_value:Comm_value,-5.863843096596176e-4,0.036233310192566655,-0.016183569940013808,0.9871198690967649,H1,R0_site_time_shan_T0-T1_DIST
T0-T1,DIST,R0,site_time_invsimp,Demo_value,-0.0017939132654969793,0.020122773135640402,-0.08914841177231651,0.9291370774207662,H1,R0_site_time_invsimp_T0-T1_DIST
T0-T1,DIST,R0,meanSigmas,Demo_value,0.020403806368905444,0.042281267977083654,0.48257319009364286,0.6307333244790481,H1,R0_meanSigmas_T0-T1_DIST
T0-T1,DIST,R0,meanSigmas,Comm_value,0.03847178108160008,0.034541309715727206,1.1137904554928693,0.26874638463093126,H1,R0_meanSigmas_T0-T1_DIST
T0-T1,DIST,R0,meanSigmas,Demo_value:Comm_value,0.007022646317919841,0.029976655464647353,0.23427050846956304,0.8153810607575314,H1,R0_meanSigmas_T0-T1_DIST
T0-T1,DIST,R0,sigmaonMeans,Demo_value,0.016425486137472904,0.03617908748407055,0.45400498685062063,0.651070092972194,H1,R0_sigmaonMeans_T0-T1_DIST
T0-T1,DIST,R0,sigmaonMeans,Comm_value,0.029593796807396815,0.03294781663089662,0.8982020611236925,0.3718072288802433,H1,R0_sigmaonMeans_T0-T1_DIST
T0-T1,DIST,R0,sigmaonMeans,Demo_value:Comm_value,0.009033502910597787,0.030775241506658706,0.2935315035186075,0.769885669046926,H1,R0_sigmaonMeans_T0-T1_DIST
T0-T1,DIST,R0,variability,Demo_value,0.01830927536402876,0.042802694775559966,0.42775987493393114,0.6699897750895771,H1,R0_variability_T0-T1_DIST
T0-T1,DIST,R0,variability,Comm_value,0.0012038869096753814,0.028932625588243013,0.04161001240636072,0.9669145762975111,H1,R0_variability_T0-T1_DIST
T0-T1,DIST,R0,variability,Demo_value:Comm_value,0.012062012209523196,0.03258691163659633,0.37014898324937007,0.7122620101661232,H1,R0_variability_T0-T1_DIST
T0-T1,DIST,R0,mean_cover,Demo_value,-0.005680232247777369,0.021542170204677028,-0.263679666152862,0.7925639906519427,H1,R0_mean_cover_T0-T1_DIST
T0-T1,DIST,R0,mean_cover,Comm_value,0.017850681822047902,0.027022332868874,0.6605899612246071,0.5103791934215749,H1,R0_mean_cover_T0-T1_DIST
T0-T1,DIST,R0,mean_cover,Demo_value:Comm_value,0.009928439481556348,0.015462523959938404,0.6420969504900866,0.5222649705383888,H1,R0_mean_cover_T0-T1_DIST
T0-T1,DIST,Reactivity,site_time_rich,Demo_value,-0.04129554340815519,0.022456077853101657,-1.8389472853760793,0.06958758413750744,H3,Reactivity_site_time_rich_T0-T1_DIST
T0-T1,DIST,Reactivity,site_time_rich,Comm_value,0.02112681231877423,0.028199635563572356,0.7491874237575383,0.4559144910209222,H3,Reactivity_site_time_rich_T0-T1_DIST
T0-T1,DIST,Reactivity,site_time_rich,Demo_value:Comm_value,0.02528327174271196,0.02168302842766647,1.1660396898457117,0.24702031047131934,H3,Reactivity_site_time_rich_T0-T1_DIST
T0-T1,DIST,Reactivity,site_time_simp,Demo_value,-0.0584529284514016,0.02617128796947847,-2.233475422362502,0.02827543463494181,H3,Reactivity_site_time_simp_T0-T1_DIST
T0-T1,DIST,Reactivity,site_time_simp,Comm_value,0.010037384922424642,0.02482536106757205,0.4043197959982908,0.6870431912285178,H3,Reactivity_site_time_simp_T0-T1_DIST
T0-T1,DIST,Reactivity,site_time_simp,Demo_value:Comm_value,-0.03379591026857482,0.027043810388768772,-1.249672652734253,0.21501798803296482,H3,Reactivity_site_time_simp_T0-T1_DIST
T0-T1,DIST,Reactivity,site_time_shan,Demo_value,-0.028969375613905626,0.03134542933695184,-0.9241977610992496,0.35812845208756483,H3,Reactivity_site_time_shan_T0-T1_DIST
T0-T1,DIST,Reactivity,site_time_shan,Comm_value,0.03940619333893243,0.028790801060378256,1.3687077777479078,0.17487468037646192,H3,Reactivity_site_time_shan_T0-T1_DIST
T0-T1,DIST,Reactivity,site_time_shan,Demo_value:Comm_value,0.009894026828466232,0.033938351231996566,0.29152938988792987,0.7713917543500017,H3,Reactivity_site_time_shan_T0-T1_DIST
T0-T1,DIST,Reactivity,site_time_invsimp,Demo_value,-0.04826478808254187,0.023742854529690362,-2.032813199532807,0.04526788914073358,H3,Reactivity_site_time_invsimp_T0-T1_DIST
T0-T1,DIST,Reactivity,meanSigmas,Demo_value,-0.0546619705381243,0.037246038509397984,-1.4675915271991113,0.14727007910961026,H3,Reactivity_meanSigmas_T0-T1_DIST
T0-T1,DIST,Reactivity,meanSigmas,Comm_value,0.06345498166036431,0.04110134640300885,1.5438662529001494,0.12770995422322137,H3,Reactivity_meanSigmas_T0-T1_DIST
T0-T1,DIST,Reactivity,meanSigmas,Demo_value:Comm_value,0.024298398250331758,0.028582847222667518,0.8501041922465304,0.3985381450485188,H3,Reactivity_meanSigmas_T0-T1_DIST
T0-T1,DIST,Reactivity,sigmaonMeans,Demo_value,-0.07691957254390384,0.0515980992174873,-1.4907443047404885,0.14109902961374937,H3,Reactivity_sigmaonMeans_T0-T1_DIST
T0-T1,DIST,Reactivity,sigmaonMeans,Comm_value,0.07055789651125888,0.04688103856127295,1.5050412421866584,0.13739122975226345,H3,Reactivity_sigmaonMeans_T0-T1_DIST
T0-T1,DIST,Reactivity,sigmaonMeans,Demo_value:Comm_value,0.0721530360304161,0.049857398089989353,1.4471881565135947,0.15288174387154999,H3,Reactivity_sigmaonMeans_T0-T1_DIST
T0-T1,DIST,Reactivity,variability,Demo_value,-0.020240657825691677,0.02869548877619043,-0.7053602739983994,0.4832277971393708,H3,Reactivity_variability_T0-T1_DIST
T0-T1,DIST,Reactivity,variability,Comm_value,-0.013334273959948012,0.03825885080628585,-0.3485278224236997,0.7286245662833788,H3,Reactivity_variability_T0-T1_DIST
T0-T1,DIST,Reactivity,variability,Demo_value:Comm_value,-0.012370529858462292,0.040735306458956386,-0.3036807853876452,0.7623878929650034,H3,Reactivity_variability_T0-T1_DIST
T0-T1,DIST,Reactivity,mean_cover,Demo_value,-0.05581007485091667,0.025544922099996273,-2.1847815637270944,0.0317950011113708,H3,Reactivity_mean_cover_T0-T1_DIST
T0-T1,DIST,Reactivity,mean_cover,Comm_value,0.02614392792801667,0.04026404501270986,0.6493120082635514,0.5179737129307527,H3,Reactivity_mean_cover_T0-T1_DIST
T0-T1,DIST,Reactivity,mean_cover,Demo_value:Comm_value,0.02275661848654531,0.020294318953833126,1.121329498088287,0.2654609900491722,H3,Reactivity_mean_cover_T0-T1_DIST
T0-T1,DIST,T_generation,site_time_rich,Demo_value,0.06439547119442332,0.018914082048835233,3.4046310589198763,9.756585130464323e-4,H2,T_generation_site_time_rich_T0-T1_DIST
T0-T1,DIST,T_generation,site_time_rich,Comm_value,4.566548103028422e-4,0.028676261548191976,0.015924488955277857,0.987328384152913,H2,T_generation_site_time_rich_T0-T1_DIST
T0-T1,DIST,T_generation,site_time_rich,Demo_value:Comm_value,0.0064608661217397745,0.019108206007076294,0.33811997418005324,0.7360267766526365,H2,T_generation_site_time_rich_T0-T1_DIST
T0-T1,DIST,T_generation,site_time_simp,Demo_value,0.01121133524352096,0.03983955758778885,0.2814121421608689,0.7790128587533545,H2,T_generation_site_time_simp_T0-T1_DIST
T0-T1,DIST,T_generation,site_time_simp,Comm_value,0.018065632370621316,0.026866186880247563,0.6724300866046402,0.5029595110548182,H2,T_generation_site_time_simp_T0-T1_DIST
T0-T1,DIST,T_generation,site_time_simp,Demo_value:Comm_value,0.07111752770838609,0.049920201753005565,1.4246242044505417,0.15757746503749664,H2,T_generation_site_time_simp_T0-T1_DIST
T0-T1,DIST,T_generation,site_time_shan,Demo_value,0.058439578123820786,0.034616755993804774,1.688187597193668,0.09469041507390911,H2,T_generation_site_time_shan_T0-T1_DIST
T0-T1,DIST,T_generation,site_time_shan,Comm_value,0.018669286957153974,0.03246726250379708,0.5750188194945781,0.5666523688064409,H2,T_generation_site_time_shan_T0-T1_DIST
T0-T1,DIST,T_generation,site_time_shan,Demo_value:Comm_value,0.005505074001724605,0.043555181848303225,0.12639308959604462,0.8996907309908561,H2,T_generation_site_time_shan_T0-T1_DIST
T0-T1,DIST,T_generation,site_time_invsimp,Demo_value,0.06673746902732057,0.023212482314517537,2.8750681690592677,0.004975191712172669,H2,T_generation_site_time_invsimp_T0-T1_DIST
T0-T1,DIST,T_generation,meanSigmas,Demo_value,0.07601955931018925,0.022346105928652975,3.4019152846095775,0.001088893457288853,H2,T_generation_meanSigmas_T0-T1_DIST
T0-T1,DIST,T_generation,meanSigmas,Comm_value,0.03919648426934776,0.031649199757129584,1.2384668355008885,0.2195108347635798,H2,T_generation_meanSigmas_T0-T1_DIST
T0-T1,DIST,T_generation,meanSigmas,Demo_value:Comm_value,0.026918118533210897,0.02959621863493574,0.909512085487719,0.366073064693073,H2,T_generation_meanSigmas_T0-T1_DIST
T0-T1,DIST,T_generation,sigmaonMeans,Demo_value,0.0904588799438953,0.02434390311684456,3.7158741352902873,3.938456265902004e-4,H2,T_generation_sigmaonMeans_T0-T1_DIST
T0-T1,DIST,T_generation,sigmaonMeans,Comm_value,0.04001551123107021,0.029878564474281746,1.3392715458439757,0.18463737704067226,H2,T_generation_sigmaonMeans_T0-T1_DIST
T0-T1,DIST,T_generation,sigmaonMeans,Demo_value:Comm_value,0.038803075081820786,0.022755211040895253,1.7052390774176782,0.09240208325049552,H2,T_generation_sigmaonMeans_T0-T1_DIST
T0-T1,DIST,T_generation,variability,Demo_value,0.08143585615855795,0.022672586619998568,3.5918202683908453,5.923417138308571e-4,H2,T_generation_variability_T0-T1_DIST
T0-T1,DIST,T_generation,variability,Comm_value,-0.010775206224009936,0.03050356404254406,-0.35324417202466885,0.7249234490281838,H2,T_generation_variability_T0-T1_DIST
T0-T1,DIST,T_generation,variability,Demo_value:Comm_value,-0.030920491888944888,0.015887920366867713,-1.9461635742728003,0.05548436787082406,H2,T_generation_variability_T0-T1_DIST
T0-T1,DIST,T_generation,mean_cover,Demo_value,0.06363922055668766,0.03344214648902311,1.9029645892370064,0.060105472873068964,H2,T_generation_mean_cover_T0-T1_DIST
T0-T1,DIST,T_generation,mean_cover,Comm_value,0.02123643185540922,0.02716622318510381,0.781721909251408,0.436342597505476,H2,T_generation_mean_cover_T0-T1_DIST
T0-T1,DIST,T_generation,mean_cover,Demo_value:Comm_value,-0.013787557284695785,0.04552753705197313,-0.30283995527709406,0.7626809940902497,H2,T_generation_mean_cover_T0-T1_DIST
T0-T1,DIST,age_repro,site_time_rich,Demo_value,0.07279973109498526,0.034834849767591713,2.0898534536731037,0.0391681961150593,H2,age_repro_site_time_rich_T0-T1_DIST
T0-T1,DIST,age_repro,site_time_rich,Comm_value,0.023403901763727284,0.027301120619395925,0.8572505901864013,0.3933562006313659,H2,age_repro_site_time_rich_T0-T1_DIST
T0-T1,DIST,age_repro,site_time_rich,Demo_value:Comm_value,0.008651195025733397,0.03378079710331554,0.2560980132965629,0.7984012412063477,H2,age_repro_site_time_rich_T0-T1_DIST
T0-T1,DIST,age_repro,site_time_simp,Demo_value,0.08028855160900913,0.0264958363865096,3.030232767058004,0.0031106649293365447,H2,age_repro_site_time_simp_T0-T1_DIST
T0-T1,DIST,age_repro,site_time_simp,Comm_value,0.03385124223781971,0.030274171570142408,1.1181558563671863,0.26617941239415327,H2,age_repro_site_time_simp_T0-T1_DIST
T0-T1,DIST,age_repro,site_time_simp,Demo_value:Comm_value,0.03682628842879212,0.03655067335183145,1.0075406292603049,0.3161067924499655,H2,age_repro_site_time_simp_T0-T1_DIST
T0-T1,DIST,age_repro,site_time_shan,Demo_value,0.07731853316635406,0.03636559903119115,2.126144906895034,0.03595311914610433,H2,age_repro_site_time_shan_T0-T1_DIST
T0-T1,DIST,age_repro,site_time_shan,Comm_value,0.04499839600184432,0.024943270225182574,1.8040295276284266,0.07423727613016678,H2,age_repro_site_time_shan_T0-T1_DIST
T0-T1,DIST,age_repro,site_time_shan,Demo_value:Comm_value,0.007998693341763008,0.03034123591529275,0.263624506400923,0.7926117430437115,H2,age_repro_site_time_shan_T0-T1_DIST
T0-T1,DIST,age_repro,site_time_invsimp,Demo_value,0.06506934106843701,0.025605898404669616,2.5411856299707356,0.012553387666360924,H2,age_repro_site_time_invsimp_T0-T1_DIST
T0-T1,DIST,age_repro,meanSigmas,Demo_value,0.08899842658464016,0.028052754559730324,3.17253788376266,0.00215288452229738,H2,age_repro_meanSigmas_T0-T1_DIST
T0-T1,DIST,age_repro,meanSigmas,Comm_value,0.043611551527016505,0.033708494563664954,1.2937852043391536,0.19950947852691134,H2,age_repro_meanSigmas_T0-T1_DIST
T0-T1,DIST,age_repro,meanSigmas,Demo_value:Comm_value,-0.005638437988563129,0.025469072920188716,-0.22138371530962467,0.8253649035930084,H2,age_repro_meanSigmas_T0-T1_DIST
T0-T1,DIST,age_repro,sigmaonMeans,Demo_value,0.08892941435860455,0.028866034063839058,3.0807631613657604,0.002841001921437452,H2,age_repro_sigmaonMeans_T0-T1_DIST
T0-T1,DIST,age_repro,sigmaonMeans,Comm_value,0.031658146176931336,0.030747373223753944,1.029621162970558,0.3063299462472003,H2,age_repro_sigmaonMeans_T0-T1_DIST
T0-T1,DIST,age_repro,sigmaonMeans,Demo_value:Comm_value,-0.01609807900550528,0.018990947389493026,-0.8476711917179941,0.39918201442991885,H2,age_repro_sigmaonMeans_T0-T1_DIST
T0-T1,DIST,age_repro,variability,Demo_value,0.09012234374057079,0.02940809176180306,3.0645423875352202,0.0029821159742364853,H2,age_repro_variability_T0-T1_DIST
T0-T1,DIST,age_repro,variability,Comm_value,-0.0032942896378587863,0.025484986706151257,-0.12926393393266516,0.8974773515968844,H2,age_repro_variability_T0-T1_DIST
T0-T1,DIST,age_repro,variability,Demo_value:Comm_value,0.020864119086206834,0.025085959899104282,0.8317050322220999,0.40808241096036624,H2,age_repro_variability_T0-T1_DIST
T0-T1,DIST,age_repro,mean_cover,Demo_value,0.08373425334850265,0.029539489437216238,2.8346547263950836,0.005551360039344703,H2,age_repro_mean_cover_T0-T1_DIST
T0-T1,DIST,age_repro,mean_cover,Comm_value,0.03986784516462267,0.030651066414780822,1.3007001004505752,0.19635053550390807,H2,age_repro_mean_cover_T0-T1_DIST
T0-T1,DIST,age_repro,mean_cover,Demo_value:Comm_value,0.03448826369859791,0.03352349584015931,1.0287788559713054,0.3060655641689854,H2,age_repro_mean_cover_T0-T1_DIST
T0-T1,DIST,percapita_repro,site_time_rich,Demo_value,-0.006388871483354935,0.02082952676052476,-0.30672187404002166,0.759771535465167,H1,percapita_repro_site_time_rich_T0-T1_DIST
T0-T1,DIST,percapita_repro,site_time_rich,Comm_value,0.01652646534626441,0.027850800138720547,0.5933928384085423,0.5544233324597212,H1,percapita_repro_site_time_rich_T0-T1_DIST
T0-T1,DIST,percapita_repro,site_time_rich,Demo_value:Comm_value,0.0371442067834692,0.020732076950011606,1.7916297953663733,0.0765911214230823,H1,percapita_repro_site_time_rich_T0-T1_DIST
T0-T1,DIST,percapita_repro,site_time_simp,Demo_value,-0.021449767478935244,0.015471537306478359,-1.3864018199376758,0.1690875734199176,H1,percapita_repro_site_time_simp_T0-T1_DIST
T0-T1,DIST,percapita_repro,site_time_simp,Comm_value,0.02780618634956937,0.021196166809941564,1.3118497603315489,0.19294461341627067,H1,percapita_repro_site_time_simp_T0-T1_DIST
T0-T1,DIST,percapita_repro,site_time_simp,Demo_value:Comm_value,-0.039561665586687514,0.008436192395253441,-4.689516755088063,9.827182350378115e-6,H1,percapita_repro_site_time_simp_T0-T1_DIST
T0-T1,DIST,percapita_repro,site_time_shan,Demo_value,0.007740213162272798,0.03655539560015358,0.21173928048641552,0.8327945740152269,H1,percapita_repro_site_time_shan_T0-T1_DIST
T0-T1,DIST,percapita_repro,site_time_shan,Comm_value,0.04547572460337951,0.02820096206982326,1.6125593336420707,0.11038086410443856,H1,percapita_repro_site_time_shan_T0-T1_DIST
T0-T1,DIST,percapita_repro,site_time_shan,Demo_value:Comm_value,0.02455774477170708,0.033461432389981595,0.7339119403346196,0.46493144902948724,H1,percapita_repro_site_time_shan_T0-T1_DIST
T0-T1,DIST,percapita_repro,site_time_invsimp,Demo_value,-0.02550554112391197,0.020970402225516407,-1.216263801219668,0.22702989665333154,H1,percapita_repro_site_time_invsimp_T0-T1_DIST
T0-T1,DIST,percapita_repro,meanSigmas,Demo_value,-0.009016484431905437,0.0175573088264435,-0.5135459267154591,0.609186691982634,H1,percapita_repro_meanSigmas_T0-T1_DIST
T0-T1,DIST,percapita_repro,meanSigmas,Comm_value,0.03924268155510984,0.03348457654276776,1.1719629037263652,0.24518534457229754,H1,percapita_repro_meanSigmas_T0-T1_DIST
T0-T1,DIST,percapita_repro,meanSigmas,Demo_value:Comm_value,0.02876962827032907,0.012087479501479897,2.380118060742667,0.020034574344582074,H1,percapita_repro_meanSigmas_T0-T1_DIST
T0-T1,DIST,percapita_repro,sigmaonMeans,Demo_value,-0.014792077492889417,0.018229834141595062,-0.8114213973641314,0.4198742622755852,H1,percapita_repro_sigmaonMeans_T0-T1_DIST
T0-T1,DIST,percapita_repro,sigmaonMeans,Comm_value,0.03233555940438202,0.03301064301828441,0.9795495163929869,0.3306819130092852,H1,percapita_repro_sigmaonMeans_T0-T1_DIST
T0-T1,DIST,percapita_repro,sigmaonMeans,Demo_value:Comm_value,0.03563075820652893,0.017309876567415176,2.058406255397669,0.04327517158248498,H1,percapita_repro_sigmaonMeans_T0-T1_DIST
T0-T1,DIST,percapita_repro,variability,Demo_value,0.028527176917761275,0.024441384819594653,1.1671669640785265,0.24710354345616625,H1,percapita_repro_variability_T0-T1_DIST
T0-T1,DIST,percapita_repro,variability,Comm_value,0.01448257419172234,0.028772154144362936,0.5033538371529883,0.6162958250952352,H1,percapita_repro_variability_T0-T1_DIST
T0-T1,DIST,percapita_repro,variability,Demo_value:Comm_value,0.0365151974442541,0.02672522722589868,1.3663194380202772,0.1762119123169654,H1,percapita_repro_variability_T0-T1_DIST
T0-T1,DIST,percapita_repro,mean_cover,Demo_value,-0.011398070652485,0.01401171953016476,-0.8134669430077418,0.4181213500405103,H1,percapita_repro_mean_cover_T0-T1_DIST
T0-T1,DIST,percapita_repro,mean_cover,Comm_value,0.007258808152814499,0.022772753276823834,0.31874969462747815,0.7506631774988959,H1,percapita_repro_mean_cover_T0-T1_DIST
T0-T1,DIST,percapita_repro,mean_cover,Demo_value:Comm_value,0.04011574902379789,0.008091105521168743,4.958005913881996,3.381658715755764e-6,H1,percapita_repro_mean_cover_T0-T1_DIST
T0-T1,NPK,Lmax,site_time_rich,Demo_value,1.29343383790327,0.2336661771007755,5.535391788198075,4.763224076404142e-7,H5,Lmax_site_time_rich_T0-T1_NPK
T0-T1,NPK,Lmax,site_time_rich,Comm_value,0.06820555280528212,0.046919693529731965,1.4536657781462656,0.15038410927435944,H5,Lmax_site_time_rich_T0-T1_NPK
T0-T1,NPK,Lmax,site_time_rich,Demo_value:Comm_value,0.7835239678581658,0.1478836658939052,5.298245503464068,1.2207919147510625e-6,H5,Lmax_site_time_rich_T0-T1_NPK
T0-T1,NPK,Lmax,site_time_simp,Demo_value,1.0484642563251043,0.14862768273212149,7.054299959818385,8.777010866380112e-10,H5,Lmax_site_time_simp_T0-T1_NPK
T0-T1,NPK,Lmax,site_time_simp,Comm_value,0.013424172748869713,0.03136217934120669,0.4280369869332303,0.6699018603581546,H5,Lmax_site_time_simp_T0-T1_NPK
T0-T1,NPK,Lmax,site_time_simp,Demo_value:Comm_value,0.5232515944211962,0.0785148210141979,6.6643671559357704,4.568409979727262e-9,H5,Lmax_site_time_simp_T0-T1_NPK
T0-T1,NPK,Lmax,site_time_shan,Demo_value,0.9873424500005642,0.1680616184188959,5.874883624764339,1.2085403584512845e-7,H5,Lmax_site_time_shan_T0-T1_NPK
T0-T1,NPK,Lmax,site_time_shan,Comm_value,0.06103029637222434,0.036080165030943114,1.6915193242570665,0.0950619638880476,H5,Lmax_site_time_shan_T0-T1_NPK
T0-T1,NPK,Lmax,site_time_shan,Demo_value:Comm_value,0.6409832146064505,0.11671482968419772,5.491874651582811,5.66744824227297e-7,H5,Lmax_site_time_shan_T0-T1_NPK
T0-T1,NPK,Lmax,site_time_invsimp,Demo_value,0.0758215535113753,0.011774591132094964,6.439421348967465,1.069831352028297e-8,H5,Lmax_site_time_invsimp_T0-T1_NPK
T0-T1,NPK,Lmax,meanSigmas,Demo_value,2.815156234800088,0.9537119614420442,2.951788746094238,0.004608196623439942,H5,Lmax_meanSigmas_T0-T1_NPK
T0-T1,NPK,Lmax,meanSigmas,Comm_value,0.2990060772322776,0.16313384736171557,1.8328880368357492,0.0721371180400386,H5,Lmax_meanSigmas_T0-T1_NPK
T0-T1,NPK,Lmax,meanSigmas,Demo_value:Comm_value,1.2796922275419316,0.8616159161752515,1.485223524215451,0.14309255668185386,H5,Lmax_meanSigmas_T0-T1_NPK
T0-T1,NPK,Lmax,sigmaonMeans,Demo_value,2.3268054772879294,1.4425740038710226,1.6129539774348824,0.11237638988957586,H5,Lmax_sigmaonMeans_T0-T1_NPK
T0-T1,NPK,Lmax,sigmaonMeans,Comm_value,0.17834166364118995,0.2076646884891091,0.8587962880869995,0.3941140956096243,H5,Lmax_sigmaonMeans_T0-T1_NPK
T0-T1,NPK,Lmax,sigmaonMeans,Demo_value:Comm_value,0.660189443427219,1.120454923875252,0.5892155314413366,0.5580863051869092,H5,Lmax_sigmaonMeans_T0-T1_NPK
T0-T1,NPK,Lmax,variability,Demo_value,0.0846057535578275,0.04181926124285999,2.0231288416715554,0.0478434827512595,H5,Lmax_variability_T0-T1_NPK
T0-T1,NPK,Lmax,variability,Comm_value,0.09057571616020811,0.030197368304945894,2.9994572787117053,0.004030652028052497,H5,Lmax_variability_T0-T1_NPK
T0-T1,NPK,Lmax,variability,Demo_value:Comm_value,0.723123084048642,0.10103847305767275,7.156908276274954,1.9048841820966896e-9,H5,Lmax_variability_T0-T1_NPK
T0-T1,NPK,Lmax,mean_cover,Demo_value,0.9113300326073939,0.17141653200137297,5.3164652321871415,1.1362472511364602e-6,H5,Lmax_mean_cover_T0-T1_NPK
T0-T1,NPK,Lmax,mean_cover,Comm_value,0.1370500124928345,0.05045272873069304,2.716404363862678,0.008258571801341711,H5,Lmax_mean_cover_T0-T1_NPK
T0-T1,NPK,Lmax,mean_cover,Demo_value:Comm_value,0.9557267695908045,0.19308315569401668,4.94981950214946,4.725837691081258e-6,H5,Lmax_mean_cover_T0-T1_NPK
T0-T1,NPK,Lmean,site_time_rich,Demo_value,1.5655226422790185,0.4688435989726671,3.3391148897188767,0.001333605657108778,H5,Lmean_site_time_rich_T0-T1_NPK
T0-T1,NPK,Lmean,site_time_rich,Comm_value,0.021523216783157127,0.11022182563033056,0.19527182261835466,0.8457301653283027,H5,Lmean_site_time_rich_T0-T1_NPK
T0-T1,NPK,Lmean,site_time_rich,Demo_value:Comm_value,0.6403277183189384,0.7829202275478422,0.8178709602694608,0.41612931675289533,H5,Lmean_site_time_rich_T0-T1_NPK
T0-T1,NPK,Lmean,site_time_simp,Demo_value,0.40908677124089177,0.2114918784822835,1.9342906884963935,0.05700744566903093,H5,Lmean_site_time_simp_T0-T1_NPK
T0-T1,NPK,Lmean,site_time_simp,Comm_value,-0.03910483458480048,0.03453552376225565,-1.1323075582695719,0.26126204938509023,H5,Lmean_site_time_simp_T0-T1_NPK
T0-T1,NPK,Lmean,site_time_simp,Demo_value:Comm_value,0.1881768198428,0.1115877037250405,1.6863580265660825,0.09605575429398044,H5,Lmean_site_time_simp_T0-T1_NPK
T0-T1,NPK,Lmean,site_time_shan,Demo_value,1.1621389788177747,0.4262678900059287,2.7263113315938745,0.008037560309841464,H5,Lmean_site_time_shan_T0-T1_NPK
T0-T1,NPK,Lmean,site_time_shan,Comm_value,0.056944774994660136,0.05353713323770448,1.063650060264261,0.29104161197738815,H5,Lmean_site_time_shan_T0-T1_NPK
T0-T1,NPK,Lmean,site_time_shan,Demo_value:Comm_value,0.7638541871870046,0.294760831163429,2.5914372142731836,0.011564332165824153,H5,Lmean_site_time_shan_T0-T1_NPK
T0-T1,NPK,Lmean,site_time_invsimp,Demo_value,0.4936158116445399,0.26996518560190036,1.8284424732174251,0.07151308648429151,H5,Lmean_site_time_invsimp_T0-T1_NPK
T0-T1,NPK,Lmean,meanSigmas,Demo_value,-0.18185727756132003,0.8905334435452095,-0.2042116204388092,0.8389284851762011,H5,Lmean_meanSigmas_T0-T1_NPK
T0-T1,NPK,Lmean,meanSigmas,Comm_value,-0.09667013437722556,0.1729372750693329,-0.5589895778019469,0.5783975029390306,H5,Lmean_meanSigmas_T0-T1_NPK
T0-T1,NPK,Lmean,meanSigmas,Demo_value:Comm_value,-1.0176161307883946,1.1979877835047499,-0.8494378196506541,0.39925460073216346,H5,Lmean_meanSigmas_T0-T1_NPK
T0-T1,NPK,Lmean,variability,Demo_value,0.33830699204235004,0.17612595587573637,1.920824164503264,0.05985058066885118,H5,Lmean_variability_T0-T1_NPK
T0-T1,NPK,Lmean,variability,Comm_value,0.04831404854745055,0.054893540552776544,0.880140870144817,0.3825445689838889,H5,Lmean_variability_T0-T1_NPK
T0-T1,NPK,Lmean,variability,Demo_value:Comm_value,0.5590383731590215,0.36909394160395,1.5146235419894487,0.13549205901073155,H5,Lmean_variability_T0-T1_NPK
T0-T1,NPK,Lmean,mean_cover,Demo_value,1.2495986760859683,0.4455423953857829,2.804668397502274,0.006471141984420045,H5,Lmean_mean_cover_T0-T1_NPK
T0-T1,NPK,Lmean,mean_cover,Comm_value,0.16005787596637447,0.07533595622337119,2.124588098301994,0.037054885307962325,H5,Lmean_mean_cover_T0-T1_NPK
T0-T1,NPK,Lmean,mean_cover,Demo_value:Comm_value,1.3423439011567448,0.5031020558284489,2.6681343985890336,0.00941691313448447,H5,Lmean_mean_cover_T0-T1_NPK
T0-T2,DIST,FirstStepAtt,site_time_rich,Demo_value,0.0019453728431695536,0.03266068272685538,0.05956314077813085,0.9526313809730511,H3,FirstStepAtt_site_time_rich_T0-T2_DIST
T0-T2,DIST,FirstStepAtt,site_time_rich,Comm_value,0.021517050954642708,0.0339917810671994,0.6330074588355634,0.5282822656485974,H3,FirstStepAtt_site_time_rich_T0-T2_DIST
T0-T2,DIST,FirstStepAtt,site_time_rich,Demo_value:Comm_value,-0.028140208143003803,0.025575522042216223,-1.100278934543513,0.27405046695174706,H3,FirstStepAtt_site_time_rich_T0-T2_DIST
T0-T2,DIST,FirstStepAtt,site_time_simp,Demo_value,-0.00599613958993718,0.0343925190079117,-0.1743442982050201,0.8619738567642171,H3,FirstStepAtt_site_time_simp_T0-T2_DIST
T0-T2,DIST,FirstStepAtt,site_time_simp,Comm_value,0.06762709952903395,0.02569769581159203,2.631640596295326,0.0099479543698432,H3,FirstStepAtt_site_time_simp_T0-T2_DIST
T0-T2,DIST,FirstStepAtt,site_time_simp,Demo_value:Comm_value,-0.04520969374227645,0.02271211314312851,-1.9905542675563204,0.04946538326762083,H3,FirstStepAtt_site_time_simp_T0-T2_DIST
T0-T2,DIST,FirstStepAtt,site_time_shan,Demo_value,0.004529421837550608,0.031262101607081955,0.14488539172697643,0.8851148948719693,H3,FirstStepAtt_site_time_shan_T0-T2_DIST
T0-T2,DIST,FirstStepAtt,site_time_shan,Comm_value,0.04281840558751818,0.03532875988397736,1.2119985453250397,0.22858318957262871,H3,FirstStepAtt_site_time_shan_T0-T2_DIST
T0-T2,DIST,FirstStepAtt,site_time_shan,Demo_value:Comm_value,-0.03033735471336325,0.027364773402219576,-1.1086280257998615,0.2704494549818301,H3,FirstStepAtt_site_time_shan_T0-T2_DIST
T0-T2,DIST,FirstStepAtt,site_time_invsimp,Demo_value,0.016883172844763497,0.025762316997615567,0.6553437272868787,0.5138303114312186,H3,FirstStepAtt_site_time_invsimp_T0-T2_DIST
T0-T2,DIST,FirstStepAtt,meanSigmas,Demo_value,-0.014534968778842604,0.02893511078062041,-0.5023298126986108,0.6169072648147198,H3,FirstStepAtt_meanSigmas_T0-T2_DIST
T0-T2,DIST,FirstStepAtt,meanSigmas,Comm_value,0.05780740055769484,0.03804903340375708,1.5192869670110136,0.1328948503647425,H3,FirstStepAtt_meanSigmas_T0-T2_DIST
T0-T2,DIST,FirstStepAtt,meanSigmas,Demo_value:Comm_value,0.008538647935895535,0.013922359404754362,0.6133046624970522,0.541530445667876,H3,FirstStepAtt_meanSigmas_T0-T2_DIST
T0-T2,DIST,FirstStepAtt,sigmaonMeans,Demo_value,-0.013532786112974905,0.031483624573593,-0.42983570971449,0.6685476245280808,H3,FirstStepAtt_sigmaonMeans_T0-T2_DIST
T0-T2,DIST,FirstStepAtt,sigmaonMeans,Comm_value,0.02951951018998979,0.0396572056670998,0.7443668733947034,0.45898052179933724,H3,FirstStepAtt_sigmaonMeans_T0-T2_DIST
T0-T2,DIST,FirstStepAtt,sigmaonMeans,Demo_value:Comm_value,0.013680753931281578,0.014146977536689686,0.9670442959141645,0.3366299862403066,H3,FirstStepAtt_sigmaonMeans_T0-T2_DIST
T0-T2,DIST,FirstStepAtt,variability,Demo_value,-0.008212859386223844,0.03298157442371712,-0.24901356377692996,0.8040309563300178,H3,FirstStepAtt_variability_T0-T2_DIST
T0-T2,DIST,FirstStepAtt,variability,Comm_value,0.0272987467135159,0.024801023738800124,1.1007104787698017,0.2745429191770176,H3,FirstStepAtt_variability_T0-T2_DIST
T0-T2,DIST,FirstStepAtt,variability,Demo_value:Comm_value,-0.022155255159461745,0.02368617358973937,-0.9353665789673683,0.3526014130909596,H3,FirstStepAtt_variability_T0-T2_DIST
T0-T2,DIST,FirstStepAtt,mean_cover,Demo_value,-0.0039436560651898945,0.028705046848964612,-0.13738545998339458,0.8910231261365962,H3,FirstStepAtt_mean_cover_T0-T2_DIST
T0-T2,DIST,FirstStepAtt,mean_cover,Comm_value,0.006885487439897332,0.027966087840400566,0.24620846073258668,0.8060634638100076,H3,FirstStepAtt_mean_cover_T0-T2_DIST
T0-T2,DIST,FirstStepAtt,mean_cover,Demo_value:Comm_value,-0.05016576926471858,0.022221400810482596,-2.2575430636692206,0.02631396119799212,H3,FirstStepAtt_mean_cover_T0-T2_DIST
T0-T2,DIST,Lambda,site_time_rich,Demo_value,-0.03634691527254864,0.036170360335103596,-1.00488120482653,0.31920100313520783,H4,Lambda_site_time_rich_T0-T2_DIST
T0-T2,DIST,Lambda,site_time_rich,Comm_value,-0.008892418809288032,0.041078069525215075,-0.21647606404262915,0.8293895786044627,H4,Lambda_site_time_rich_T0-T2_DIST
T0-T2,DIST,Lambda,site_time_rich,Demo_value:Comm_value,0.01108661671200758,0.04267926818978078,0.25976585780967504,0.795980378103661,H4,Lambda_site_time_rich_T0-T2_DIST
T0-T2,DIST,Lambda,site_time_simp,Demo_value,-0.01700610060538027,0.03243572141400259,-0.524301599101745,0.6021018163449868,H4,Lambda_site_time_simp_T0-T2_DIST
T0-T2,DIST,Lambda,site_time_simp,Comm_value,0.07079177082638644,0.03345856707937503,2.1158040228813277,0.03874229323553709,H4,Lambda_site_time_simp_T0-T2_DIST
T0-T2,DIST,Lambda,site_time_simp,Demo_value:Comm_value,-0.01133434849370159,0.03259264843947259,-0.3477578238157132,0.729303020177428,H4,Lambda_site_time_simp_T0-T2_DIST
T0-T2,DIST,Lambda,site_time_shan,Demo_value,-0.030404184834889367,0.03515599593126943,-0.86483639645226,0.390753800109061,H4,Lambda_site_time_shan_T0-T2_DIST
T0-T2,DIST,Lambda,site_time_shan,Comm_value,0.04081644707493388,0.03629203799603126,1.1246667128309904,0.2654441345393571,H4,Lambda_site_time_shan_T0-T2_DIST
T0-T2,DIST,Lambda,site_time_shan,Demo_value:Comm_value,-0.006069002139668438,0.038261598224317,-0.1586186260199478,0.8745300095168212,H4,Lambda_site_time_shan_T0-T2_DIST
T0-T2,DIST,Lambda,site_time_invsimp,Demo_value,-0.04037775003305382,0.03694129448955104,-1.0930247732513758,0.27882579719328093,H4,Lambda_site_time_invsimp_T0-T2_DIST
T0-T2,DIST,Lambda,meanSigmas,Demo_value,-0.06350440748031244,0.040317945783986855,-1.5750903535748737,0.12224073539960444,H4,Lambda_meanSigmas_T0-T2_DIST
T0-T2,DIST,Lambda,meanSigmas,Comm_value,0.022398371165425857,0.038970073442288936,0.5747582487519755,0.5683173466265312,H4,Lambda_meanSigmas_T0-T2_DIST
T0-T2,DIST,Lambda,meanSigmas,Demo_value:Comm_value,-0.056949547970469666,0.03898517497282996,-1.4608001120979877,0.15101786646758958,H4,Lambda_meanSigmas_T0-T2_DIST
T0-T2,DIST,Lambda,sigmaonMeans,Demo_value,-0.06083383622388505,0.039595583866519936,-1.536379320203007,0.1314475013307971,H4,Lambda_sigmaonMeans_T0-T2_DIST
T0-T2,DIST,Lambda,sigmaonMeans,Comm_value,0.00890936627789634,0.033866548884224815,0.2630727538360533,0.7936953103247293,H4,Lambda_sigmaonMeans_T0-T2_DIST
T0-T2,DIST,Lambda,sigmaonMeans,Demo_value:Comm_value,-0.06341013382490347,0.0399856015148775,-1.5858241822699697,0.11978221852184306,H4,Lambda_sigmaonMeans_T0-T2_DIST
T0-T2,DIST,Lambda,variability,Demo_value,-0.032654536637809886,0.04403709459667235,-0.7415234119527363,0.46222869953275036,H4,Lambda_variability_T0-T2_DIST
T0-T2,DIST,Lambda,variability,Comm_value,0.010379423774642137,0.03376732343320579,0.3073807077180218,0.7599717071784529,H4,Lambda_variability_T0-T2_DIST
T0-T2,DIST,Lambda,variability,Demo_value:Comm_value,0.04248200720130873,0.03550212695982742,1.196604565393488,0.2377271774691851,H4,Lambda_variability_T0-T2_DIST
T0-T2,DIST,Lambda,mean_cover,Demo_value,-0.046997255269781914,0.03153492086414364,-1.490324186074604,0.1416522745079386,H4,Lambda_mean_cover_T0-T2_DIST
T0-T2,DIST,Lambda,mean_cover,Comm_value,-0.024286029936223426,0.03195837299429249,-0.759926981907393,0.45043000738433026,H4,Lambda_mean_cover_T0-T2_DIST
T0-T2,DIST,Lambda,mean_cover,Demo_value:Comm_value,0.05124275287824596,0.020699122793463975,2.475600216953471,0.016296592899834997,H4,Lambda_mean_cover_T0-T2_DIST
T0-T2,DIST,R0,site_time_rich,Demo_value,0.06704542649288234,0.07573648157316792,0.8852461204988868,0.3783070449443279,H1,R0_site_time_rich_T0-T2_DIST
T0-T2,DIST,R0,site_time_rich,Comm_value,0.023918571169960302,0.03577738774441449,0.6685387804394533,0.5054457377977241,H1,R0_site_time_rich_T0-T2_DIST
T0-T2,DIST,R0,site_time_rich,Demo_value:Comm_value,0.13123466527756353,0.10314969035989464,1.2722739624295423,0.20644772193543678,H1,R0_site_time_rich_T0-T2_DIST
T0-T2,DIST,R0,site_time_simp,Demo_value,0.08944427743176624,0.16162718203127918,0.553398731003405,0.5813183941690716,H1,R0_site_time_simp_T0-T2_DIST
T0-T2,DIST,R0,site_time_simp,Comm_value,0.07556316532846245,0.04555869487973271,1.6585893324630239,0.10056771991696199,H1,R0_site_time_simp_T0-T2_DIST
T0-T2,DIST,R0,site_time_simp,Demo_value:Comm_value,0.12971741016003654,0.1882201683362675,0.6891791209552421,0.4924264582614166,H1,R0_site_time_simp_T0-T2_DIST
T0-T2,DIST,R0,site_time_shan,Demo_value,0.08906654264758829,0.13896050863394935,0.6409485941232983,0.5231324066691232,H1,R0_site_time_shan_T0-T2_DIST
T0-T2,DIST,R0,site_time_shan,Comm_value,0.05517408095075224,0.04847350233812554,1.1382317820958552,0.25794745579721057,H1,R0_site_time_shan_T0-T2_DIST
T0-T2,DIST,R0,site_time_shan,Demo_value:Comm_value,0.1557289421992021,0.1880465571012434,0.8281403531113752,0.40971119980527126,H1,R0_site_time_shan_T0-T2_DIST
T0-T2,DIST,R0,site_time_invsimp,Demo_value,-0.026062977894887204,0.005564211263334927,-4.684038161280433,9.359697009367284e-6,H1,R0_site_time_invsimp_T0-T2_DIST
T0-T2,DIST,R0,meanSigmas,Demo_value,-0.011698094703610431,0.08248045594495888,-0.1418286861970894,0.887595617255297,H1,R0_meanSigmas_T0-T2_DIST
T0-T2,DIST,R0,meanSigmas,Comm_value,0.056005896395640714,0.033030118959342075,1.6956008079952822,0.09410936321041904,H1,R0_meanSigmas_T0-T2_DIST
T0-T2,DIST,R0,meanSigmas,Demo_value:Comm_value,0.005789207935174437,0.06497872234005742,0.08909390222967752,0.9292447686292237,H1,R0_meanSigmas_T0-T2_DIST
T0-T2,DIST,R0,sigmaonMeans,Demo_value,-0.03705799649426166,0.04901442470452307,-0.7560630715888406,0.4519796260211888,H1,R0_sigmaonMeans_T0-T2_DIST
T0-T2,DIST,R0,sigmaonMeans,Comm_value,0.031527247139870054,0.03283916754633061,0.9600501320683708,0.3401148815846222,H1,R0_sigmaonMeans_T0-T2_DIST
T0-T2,DIST,R0,sigmaonMeans,Demo_value:Comm_value,-0.01707077342551711,0.05824140154107191,-0.29310375392458193,0.7702523046922893,H1,R0_sigmaonMeans_T0-T2_DIST
T0-T2,DIST,R0,variability,Demo_value,0.14855255315941124,0.26555547447526157,0.5594030906459433,0.5775534216300047,H1,R0_variability_T0-T2_DIST
T0-T2,DIST,R0,variability,Comm_value,0.04701049468664831,0.05841086538017867,0.8048244856615495,0.42346499757519485,H1,R0_variability_T0-T2_DIST
T0-T2,DIST,R0,variability,Demo_value:Comm_value,0.15647710729104097,0.23797811285964934,0.6575273053926828,0.5128548978774154,H1,R0_variability_T0-T2_DIST
T0-T2,DIST,R0,mean_cover,Demo_value,0.002631790710510651,0.022502284037733935,0.11695660343178577,0.907146648334723,H1,R0_mean_cover_T0-T2_DIST
T0-T2,DIST,R0,mean_cover,Comm_value,0.014311442200941047,0.03025983539195055,0.4729517532255991,0.6373557506543127,H1,R0_mean_cover_T0-T2_DIST
T0-T2,DIST,R0,mean_cover,Demo_value:Comm_value,0.10598024112494464,0.07501322484500368,1.4128207571921705,0.16104641881833376,H1,R0_mean_cover_T0-T2_DIST
T0-T2,DIST,Reactivity,site_time_rich,Demo_value,-0.0877773796201412,0.02700811886282357,-3.2500367784209496,0.0017375686859155924,H3,Reactivity_site_time_rich_T0-T2_DIST
T0-T2,DIST,Reactivity,site_time_rich,Comm_value,0.009224010783159417,0.03468419396026352,0.2659427747903569,0.7910228369575759,H3,Reactivity_site_time_rich_T0-T2_DIST
T0-T2,DIST,Reactivity,site_time_rich,Demo_value:Comm_value,0.01616821276190106,0.025519593993876655,0.6335607363416742,0.5283209230919613,H3,Reactivity_site_time_rich_T0-T2_DIST
T0-T2,DIST,Reactivity,site_time_simp,Demo_value,-0.07024913399076772,0.044114999336726315,-1.5924092722876775,0.11555574731655995,H3,Reactivity_site_time_simp_T0-T2_DIST
T0-T2,DIST,Reactivity,site_time_simp,Comm_value,0.03936545153752472,0.031386299248023004,1.25422405574,0.21370799074003297,H3,Reactivity_site_time_simp_T0-T2_DIST
T0-T2,DIST,Reactivity,site_time_simp,Demo_value:Comm_value,0.007608852446330226,0.03653096848123235,0.20828499113674598,0.8355786659236883,H3,Reactivity_site_time_simp_T0-T2_DIST
T0-T2,DIST,Reactivity,site_time_shan,Demo_value,-0.08244212193456175,0.03243926158513353,-2.541430288670438,0.013133872890102885,H3,Reactivity_site_time_shan_T0-T2_DIST
T0-T2,DIST,Reactivity,site_time_shan,Comm_value,0.014756945270078075,0.03371279569216726,0.43772534929539125,0.662860371931609,H3,Reactivity_site_time_shan_T0-T2_DIST
T0-T2,DIST,Reactivity,site_time_shan,Demo_value:Comm_value,0.005686072528834999,0.034928252441658536,0.16279292925784297,0.8711252156760475,H3,Reactivity_site_time_shan_T0-T2_DIST
T0-T2,DIST,Reactivity,site_time_invsimp,Demo_value,-0.0866088312628091,0.027351076017070455,-3.1665602921345575,0.002220760966820474,H3,Reactivity_site_time_invsimp_T0-T2_DIST
T0-T2,DIST,Reactivity,meanSigmas,Demo_value,-0.16749173204784398,0.10415698341536996,-1.6080701125905306,0.11334544866155587,H3,Reactivity_meanSigmas_T0-T2_DIST
T0-T2,DIST,Reactivity,meanSigmas,Comm_value,0.12701951492259153,0.04829582903768662,2.6300307387512607,0.01095852352502892,H3,Reactivity_meanSigmas_T0-T2_DIST
T0-T2,DIST,Reactivity,meanSigmas,Demo_value:Comm_value,0.043503843562085524,0.06544558489684174,0.6647330546538507,0.5089017786141934,H3,Reactivity_meanSigmas_T0-T2_DIST
T0-T2,DIST,Reactivity,sigmaonMeans,Demo_value,-0.1709662574873118,0.14285202026987692,-1.1968067176391437,0.23633601521758682,H3,Reactivity_sigmaonMeans_T0-T2_DIST
T0-T2,DIST,Reactivity,sigmaonMeans,Comm_value,0.12112359991725256,0.0837889445493274,1.4455797309386786,0.1537710886506902,H3,Reactivity_sigmaonMeans_T0-T2_DIST
T0-T2,DIST,Reactivity,sigmaonMeans,Demo_value:Comm_value,0.09293187167628493,0.13902487062683963,0.6684550128136846,0.5065412689651083,H3,Reactivity_sigmaonMeans_T0-T2_DIST
T0-T2,DIST,Reactivity,variability,Demo_value,-0.07589038724601521,0.040416986471283535,-1.8776854454484304,0.06554385906802461,H3,Reactivity_variability_T0-T2_DIST
T0-T2,DIST,Reactivity,variability,Comm_value,0.0588688357620916,0.054398693735327304,1.0821737016060244,0.2837323423811924,H3,Reactivity_variability_T0-T2_DIST
T0-T2,DIST,Reactivity,variability,Demo_value:Comm_value,0.1151635905429388,0.09839657718733524,1.1704024045844723,0.24670928398655462,H3,Reactivity_variability_T0-T2_DIST
T0-T2,DIST,Reactivity,mean_cover,Demo_value,-0.10689549165401689,0.03238903302159207,-3.3003606987203127,0.0014875415566811053,H3,Reactivity_mean_cover_T0-T2_DIST
T0-T2,DIST,Reactivity,mean_cover,Comm_value,0.014807150215448012,0.04370910493861746,0.3387658071754688,0.7357455505127581,H3,Reactivity_mean_cover_T0-T2_DIST
T0-T2,DIST,Reactivity,mean_cover,Demo_value:Comm_value,0.029353820604495748,0.02249937225459448,1.3046506485753866,0.19605472847230043,H3,Reactivity_mean_cover_T0-T2_DIST
T0-T2,DIST,T_generation,site_time_rich,Demo_value,0.029869001733426867,0.016478498439184974,1.8126045794560992,0.0733822573621935,H2,T_generation_site_time_rich_T0-T2_DIST
T0-T2,DIST,T_generation,site_time_rich,Comm_value,-0.002427226383249954,0.03381391561881392,-0.07178187852043541,0.9429421679577068,H2,T_generation_site_time_rich_T0-T2_DIST
T0-T2,DIST,T_generation,site_time_rich,Demo_value:Comm_value,0.010362047108559133,0.015830849516270472,0.654547761186747,0.5145057166081204,H2,T_generation_site_time_rich_T0-T2_DIST
T0-T2,DIST,T_generation,site_time_simp,Demo_value,-0.05901423461300598,0.04022419963263502,-1.4671326005732646,0.1459875456639802,H2,T_generation_site_time_simp_T0-T2_DIST
T0-T2,DIST,T_generation,site_time_simp,Comm_value,0.051194288924945645,0.026491730615019516,1.9324629888815563,0.056593943498267296,H2,T_generation_site_time_simp_T0-T2_DIST
T0-T2,DIST,T_generation,site_time_simp,Demo_value:Comm_value,0.11036576052423924,0.04839824983791269,2.2803667672665386,0.025059101707220376,H2,T_generation_site_time_simp_T0-T2_DIST
T0-T2,DIST,T_generation,site_time_shan,Demo_value,-0.009735604490582084,0.04038165252201306,-0.24108979901887273,0.810059380773409,H2,T_generation_site_time_shan_T0-T2_DIST
T0-T2,DIST,T_generation,site_time_shan,Comm_value,0.017488137121943692,0.03713824753179447,0.47089290109803655,0.6389094552668859,H2,T_generation_site_time_shan_T0-T2_DIST
T0-T2,DIST,T_generation,site_time_shan,Demo_value:Comm_value,0.05045818407956072,0.04283130515811748,1.1780678616560387,0.2420191577330417,H2,T_generation_site_time_shan_T0-T2_DIST
T0-T2,DIST,T_generation,site_time_invsimp,Demo_value,0.03527316787447791,0.014995565644718057,2.352239902794351,0.020891704058968126,H2,T_generation_site_time_invsimp_T0-T2_DIST
T0-T2,DIST,T_generation,meanSigmas,Demo_value,0.04175901024041446,0.017062678534067007,2.4473889112450453,0.016938988789243947,H2,T_generation_meanSigmas_T0-T2_DIST
T0-T2,DIST,T_generation,meanSigmas,Comm_value,0.05165294992655536,0.033829157853206636,1.5268766119065307,0.13136291320590793,H2,T_generation_meanSigmas_T0-T2_DIST
T0-T2,DIST,T_generation,meanSigmas,Demo_value:Comm_value,-0.00929105153630261,0.032847328700781074,-0.2828556203439971,0.7781343507405541,H2,T_generation_meanSigmas_T0-T2_DIST
T0-T2,DIST,T_generation,sigmaonMeans,Demo_value,0.0501854771557154,0.016442589699585786,3.05216380586202,0.0032245418170177976,H2,T_generation_sigmaonMeans_T0-T2_DIST
T0-T2,DIST,T_generation,sigmaonMeans,Comm_value,0.037499249932933014,0.03256079942209176,1.151668589177532,0.2534322198729156,H2,T_generation_sigmaonMeans_T0-T2_DIST
T0-T2,DIST,T_generation,sigmaonMeans,Demo_value:Comm_value,0.004413883033638437,0.021007877775864242,0.21010608880776652,0.8342040543220394,H2,T_generation_sigmaonMeans_T0-T2_DIST
T0-T2,DIST,T_generation,variability,Demo_value,0.049231027362292665,0.017331574850269177,2.840539754039031,0.005914576692163057,H2,T_generation_variability_T0-T2_DIST
T0-T2,DIST,T_generation,variability,Comm_value,0.023178926267747636,0.028580657556963044,0.8110004544699708,0.42015405477044665,H2,T_generation_variability_T0-T2_DIST
T0-T2,DIST,T_generation,variability,Demo_value:Comm_value,-0.023758112353290495,0.017693497706819498,-1.34275951239045,0.18375053172858585,H2,T_generation_variability_T0-T2_DIST
T0-T2,DIST,T_generation,mean_cover,Demo_value,0.02047185218008969,0.018218373562577307,1.1236926342393865,0.2642703763969005,H2,T_generation_mean_cover_T0-T2_DIST
T0-T2,DIST,T_generation,mean_cover,Comm_value,0.01512749270652412,0.029501121998894812,0.5127768600492834,0.6094220302305255,H2,T_generation_mean_cover_T0-T2_DIST
T0-T2,DIST,T_generation,mean_cover,Demo_value:Comm_value,-0.05364885443610698,0.030142348964212452,-1.7798498219167802,0.07863284808751074,H2,T_generation_mean_cover_T0-T2_DIST
T0-T2,DIST,age_repro,site_time_rich,Demo_value,0.004636468843783483,0.020362075660733753,0.2277011892615866,0.8203838263367184,H2,age_repro_site_time_rich_T0-T2_DIST
T0-T2,DIST,age_repro,site_time_rich,Comm_value,0.01155771195870001,0.03283061968804662,0.35204062757633803,0.7256129028716014,H2,age_repro_site_time_rich_T0-T2_DIST
T0-T2,DIST,age_repro,site_time_rich,Demo_value:Comm_value,0.03730896795675668,0.02107151405224758,1.7705879066994306,0.07994155262591629,H2,age_repro_site_time_rich_T0-T2_DIST
T0-T2,DIST,age_repro,site_time_simp,Demo_value,0.012564108505859442,0.018638893101106876,0.6740801847891557,0.5019505369056654,H2,age_repro_site_time_simp_T0-T2_DIST
T0-T2,DIST,age_repro,site_time_simp,Comm_value,0.05416152674916317,0.028823353877680948,1.879084820559434,0.0633986885311996,H2,age_repro_site_time_simp_T0-T2_DIST
T0-T2,DIST,age_repro,site_time_simp,Demo_value:Comm_value,0.04978608770459543,0.021651496102026612,2.2994294468147807,0.023743300013371747,H2,age_repro_site_time_simp_T0-T2_DIST
T0-T2,DIST,age_repro,site_time_shan,Demo_value,0.0047765662010058815,0.020431557025626563,0.23378375886941985,0.8156722880390399,H2,age_repro_site_time_shan_T0-T2_DIST
T0-T2,DIST,age_repro,site_time_shan,Comm_value,0.03047484053934342,0.03454848351904637,0.8820890943749476,0.38002752257005834,H2,age_repro_site_time_shan_T0-T2_DIST
T0-T2,DIST,age_repro,site_time_shan,Demo_value:Comm_value,0.05528386265995524,0.02459884811840059,2.2474167243059417,0.027003674927156957,H2,age_repro_site_time_shan_T0-T2_DIST
T0-T2,DIST,age_repro,site_time_invsimp,Demo_value,-0.009878372674765542,0.02144616991671458,-0.46061244096861315,0.646140535759258,H2,age_repro_site_time_invsimp_T0-T2_DIST
T0-T2,DIST,age_repro,meanSigmas,Demo_value,0.017881035414836665,0.03127380668691846,0.5717575603713165,0.5691959111361877,H2,age_repro_meanSigmas_T0-T2_DIST
T0-T2,DIST,age_repro,meanSigmas,Comm_value,0.06565134698865543,0.04005924713228451,1.6388562364105381,0.10543177429173502,H2,age_repro_meanSigmas_T0-T2_DIST
T0-T2,DIST,age_repro,meanSigmas,Demo_value:Comm_value,0.010148549913659837,0.03740767616585958,0.2712959198177083,0.7869087692487522,H2,age_repro_meanSigmas_T0-T2_DIST
T0-T2,DIST,age_repro,sigmaonMeans,Demo_value,0.001267776606105133,0.02646361038229938,0.04790641140005243,0.9619181718289278,H2,age_repro_sigmaonMeans_T0-T2_DIST
T0-T2,DIST,age_repro,sigmaonMeans,Comm_value,0.03298586776335786,0.04056708103725276,0.813119083748395,0.41872357760607404,H2,age_repro_sigmaonMeans_T0-T2_DIST
T0-T2,DIST,age_repro,sigmaonMeans,Demo_value:Comm_value,-0.012820295192436229,0.037320578141299084,-0.3435181294324389,0.7321698325388437,H2,age_repro_sigmaonMeans_T0-T2_DIST
T0-T2,DIST,age_repro,variability,Demo_value,0.006972364618911054,0.018599701937146648,0.3748643200021448,0.7088193146565729,H2,age_repro_variability_T0-T2_DIST
T0-T2,DIST,age_repro,variability,Comm_value,0.022551653278706722,0.02449836577113009,0.9205370468132427,0.36024366731943747,H2,age_repro_variability_T0-T2_DIST
T0-T2,DIST,age_repro,variability,Demo_value:Comm_value,0.027269199915821368,0.01708716111809908,1.595888265309166,0.11471916175207877,H2,age_repro_variability_T0-T2_DIST
T0-T2,DIST,age_repro,mean_cover,Demo_value,-0.008832275609581955,0.022163275695313695,-0.3985094861879777,0.6911780429725768,H2,age_repro_mean_cover_T0-T2_DIST
T0-T2,DIST,age_repro,mean_cover,Comm_value,0.01237475942976161,0.03248011870825212,0.3809948953978914,0.7040854208378748,H2,age_repro_mean_cover_T0-T2_DIST
T0-T2,DIST,age_repro,mean_cover,Demo_value:Comm_value,0.0026114747472063896,0.034040749506598876,0.07671613536888044,0.9390159581004638,H2,age_repro_mean_cover_T0-T2_DIST
T0-T2,DIST,percapita_repro,site_time_rich,Demo_value,-0.009044301667464932,0.0405783506526612,-0.22288490098775834,0.8241661788817733,H1,percapita_repro_site_time_rich_T0-T2_DIST
T0-T2,DIST,percapita_repro,site_time_rich,Comm_value,0.0077360730365096265,0.034042348656835385,0.2272485108032138,0.8207826807771886,H1,percapita_repro_site_time_rich_T0-T2_DIST
T0-T2,DIST,percapita_repro,site_time_rich,Demo_value:Comm_value,-0.007420080178645648,0.030133669508298332,-0.2462388517469562,0.806098059910182,H1,percapita_repro_site_time_rich_T0-T2_DIST
T0-T2,DIST,percapita_repro,site_time_simp,Demo_value,-0.0012017621133239436,0.019156954641052285,-0.06273241941851418,0.9501286154775345,H1,percapita_repro_site_time_simp_T0-T2_DIST
T0-T2,DIST,percapita_repro,site_time_simp,Comm_value,0.0516078274648349,0.03119518573458053,1.6543523062799568,0.10178816466409794,H1,percapita_repro_site_time_simp_T0-T2_DIST
T0-T2,DIST,percapita_repro,site_time_simp,Demo_value:Comm_value,-0.03714714924262088,0.02242654398633672,-1.6563920533298677,0.10137348408774483,H1,percapita_repro_site_time_simp_T0-T2_DIST
T0-T2,DIST,percapita_repro,site_time_shan,Demo_value,0.003489611963118257,0.025893203409104927,0.1347694183675702,0.8931165902146183,H1,percapita_repro_site_time_shan_T0-T2_DIST
T0-T2,DIST,percapita_repro,site_time_shan,Comm_value,0.027357653716564553,0.03503276229554411,0.7809162602072126,0.43704702406371854,H1,percapita_repro_site_time_shan_T0-T2_DIST
T0-T2,DIST,percapita_repro,site_time_shan,Demo_value:Comm_value,-0.031084745796306365,0.021135828397356983,-1.4707133882764436,0.14510479606063081,H1,percapita_repro_site_time_shan_T0-T2_DIST
T0-T2,DIST,percapita_repro,site_time_invsimp,Demo_value,-0.015050246325266681,0.0344852424071891,-0.43642570777258544,0.6636215991603657,H1,percapita_repro_site_time_invsimp_T0-T2_DIST
T0-T2,DIST,percapita_repro,meanSigmas,Demo_value,-0.06959355205284158,0.044805198982756964,-1.55324724882093,0.12507532898619192,H1,percapita_repro_meanSigmas_T0-T2_DIST
T0-T2,DIST,percapita_repro,meanSigmas,Comm_value,0.07644647891141758,0.03617841237025051,2.113041283543981,0.038325829137846004,H1,percapita_repro_meanSigmas_T0-T2_DIST
T0-T2,DIST,percapita_repro,meanSigmas,Demo_value:Comm_value,0.042539399355234445,0.03043449544778084,1.3977363097155022,0.16680312981853518,H1,percapita_repro_meanSigmas_T0-T2_DIST
T0-T2,DIST,percapita_repro,sigmaonMeans,Demo_value,-0.06295249706428502,0.06874830678873448,-0.9156952367967381,0.3631108451873998,H1,percapita_repro_sigmaonMeans_T0-T2_DIST
T0-T2,DIST,percapita_repro,sigmaonMeans,Comm_value,0.06010294938842652,0.04461530602968261,1.3471374453520495,0.18247463450765647,H1,percapita_repro_sigmaonMeans_T0-T2_DIST
T0-T2,DIST,percapita_repro,sigmaonMeans,Demo_value:Comm_value,0.05558438309532516,0.06906052082465686,0.8048648117851975,0.4237446792603755,H1,percapita_repro_sigmaonMeans_T0-T2_DIST
T0-T2,DIST,percapita_repro,variability,Demo_value,-0.0021956401812806173,0.01246449153841785,-0.17615160430036408,0.8607061909932793,H1,percapita_repro_variability_T0-T2_DIST
T0-T2,DIST,percapita_repro,variability,Comm_value,0.04605807277509622,0.029702034497844556,1.5506706376776516,0.12569173273414821,H1,percapita_repro_variability_T0-T2_DIST
T0-T2,DIST,percapita_repro,variability,Demo_value:Comm_value,0.08078185384405802,0.033329052667789544,2.4237668753822295,0.01806685155571419,H1,percapita_repro_variability_T0-T2_DIST
T0-T2,DIST,percapita_repro,mean_cover,Demo_value,-0.04554559871274606,0.017316121278343817,-2.630242534146898,0.010147423926746665,H1,percapita_repro_mean_cover_T0-T2_DIST
T0-T2,DIST,percapita_repro,mean_cover,Comm_value,0.006818825946863736,0.033999216657492067,0.20055832508014973,0.841528743273519,H1,percapita_repro_mean_cover_T0-T2_DIST
T0-T2,DIST,percapita_repro,mean_cover,Demo_value:Comm_value,0.035011254607269435,0.010290485327487086,3.4022938173528408,0.0010255814390171863,H1,percapita_repro_mean_cover_T0-T2_DIST
T0-T2,NPK,Lmax,site_time_rich,Demo_value,0.09527487771960036,0.03706527172162771,2.5704621413582447,0.012350627172874431,H5,Lmax_site_time_rich_T0-T2_NPK
T0-T2,NPK,Lmax,site_time_rich,Comm_value,-0.022142850405161653,0.0326048707706288,-0.6791270715634435,0.49936245011122715,H5,Lmax_site_time_rich_T0-T2_NPK
T0-T2,NPK,Lmax,site_time_rich,Demo_value:Comm_value,0.14004274298541725,0.044500047666123393,3.147024561324858,0.0024483924080580207,H5,Lmax_site_time_rich_T0-T2_NPK
T0-T2,NPK,Lmax,site_time_simp,Demo_value,0.023939969062988294,0.03686221329322737,0.6494447002558781,0.5182387338840839,H5,Lmax_site_time_simp_T0-T2_NPK
T0-T2,NPK,Lmax,site_time_simp,Comm_value,-0.04702256217965386,0.026906509498729553,-1.7476277323104332,0.08504267481196312,H5,Lmax_site_time_simp_T0-T2_NPK
T0-T2,NPK,Lmax,site_time_simp,Demo_value:Comm_value,-0.008347401523813348,0.019914005458454596,-0.41917240312241727,0.6764113486171458,H5,Lmax_site_time_simp_T0-T2_NPK
T0-T2,NPK,Lmax,site_time_shan,Demo_value,-0.03521506678367025,0.013782087409184973,-2.55513303160459,0.012856907712998264,H5,Lmax_site_time_shan_T0-T2_NPK
T0-T2,NPK,Lmax,site_time_shan,Comm_value,0.010011283809600697,0.04016372238746051,0.24926185160383227,0.8039096236013733,H5,Lmax_site_time_shan_T0-T2_NPK
T0-T2,NPK,Lmax,site_time_shan,Demo_value:Comm_value,0.34742590365347187,0.14741887635157086,2.356726033000792,0.021324013394087543,H5,Lmax_site_time_shan_T0-T2_NPK
T0-T2,NPK,Lmax,site_time_invsimp,Demo_value,0.04062449841925785,0.023495727680934324,1.729016396977682,0.08821436669459931,H5,Lmax_site_time_invsimp_T0-T2_NPK
T0-T2,NPK,Lmax,meanSigmas,Demo_value,4.082364214808011,0.988260975345129,4.130856440407689,1.2640189313689956e-4,H5,Lmax_meanSigmas_T0-T2_NPK
T0-T2,NPK,Lmax,meanSigmas,Comm_value,0.650714752741601,0.1949427325432297,3.337979027237146,0.0015335935907524736,H5,Lmax_meanSigmas_T0-T2_NPK
T0-T2,NPK,Lmax,meanSigmas,Demo_value:Comm_value,2.6678001998322394,0.9553525254148425,2.792477257202833,0.007219765098761622,H5,Lmax_meanSigmas_T0-T2_NPK
T0-T2,NPK,Lmax,sigmaonMeans,Demo_value,3.38361463203287,1.6502270234909089,2.050393420945885,0.045193337196451765,H5,Lmax_sigmaonMeans_T0-T2_NPK
T0-T2,NPK,Lmax,sigmaonMeans,Comm_value,0.4188905540985405,0.26727022667528133,1.5672922469118475,0.1228882772561721,H5,Lmax_sigmaonMeans_T0-T2_NPK
T0-T2,NPK,Lmax,sigmaonMeans,Demo_value:Comm_value,1.589585668836907,1.2786427487211975,1.2431820150129433,0.21917142830286865,H5,Lmax_sigmaonMeans_T0-T2_NPK
T0-T2,NPK,Lmax,variability,Demo_value,0.6788037261631893,0.6655702503866662,1.0198829135900156,0.31233163323666385,H5,Lmax_variability_T0-T2_NPK
T0-T2,NPK,Lmax,variability,Comm_value,0.046667111377749836,0.07281423855629637,0.6409063982955632,0.524294244591919,H5,Lmax_variability_T0-T2_NPK
T0-T2,NPK,Lmax,variability,Demo_value:Comm_value,0.5520020340207158,0.3312820813896076,1.6662598583819217,0.10145277779572338,H5,Lmax_variability_T0-T2_NPK
T0-T2,NPK,Lmax,mean_cover,Demo_value,0.03023184074989699,0.06387354125012858,0.47330772896259504,0.6375095816156076,H5,Lmax_mean_cover_T0-T2_NPK
T0-T2,NPK,Lmax,mean_cover,Comm_value,0.0045657729420192535,0.03356070771375404,0.13604519251982528,0.8921875083495633,H5,Lmax_mean_cover_T0-T2_NPK
T0-T2,NPK,Lmax,mean_cover,Demo_value:Comm_value,-0.016121993740626506,0.07165748791053782,-0.2249868675378953,0.8226642338096137,H5,Lmax_mean_cover_T0-T2_NPK
T0-T2,NPK,Lmean,site_time_rich,Demo_value,0.6211456881929963,0.2524928222068899,2.460052855221509,0.01643830935638487,H5,Lmean_site_time_rich_T0-T2_NPK
T0-T2,NPK,Lmean,site_time_rich,Comm_value,0.0012293688293469561,0.03716169295897582,0.033081615272590036,0.9737064163728086,H5,Lmean_site_time_rich_T0-T2_NPK
T0-T2,NPK,Lmean,site_time_rich,Demo_value:Comm_value,0.3363235441756523,0.1611511144617906,2.0870072496792793,0.0406385859301687,H5,Lmean_site_time_rich_T0-T2_NPK
T0-T2,NPK,Lmean,site_time_simp,Demo_value,0.6585927160203896,0.2938529805037655,2.241232043627171,0.02827926382690951,H5,Lmean_site_time_simp_T0-T2_NPK
T0-T2,NPK,Lmean,site_time_simp,Comm_value,-0.005798115472121965,0.033153768780540105,-0.17488556159338423,0.861689236347313,H5,Lmean_site_time_simp_T0-T2_NPK
T0-T2,NPK,Lmean,site_time_simp,Demo_value:Comm_value,0.3027620249165263,0.15512368264519272,1.9517459858725763,0.05508831235720895,H5,Lmean_site_time_simp_T0-T2_NPK
T0-T2,NPK,Lmean,site_time_shan,Demo_value,0.6414883029604993,0.28543391527186945,2.2474144403950596,0.027861594957822974,H5,Lmean_site_time_shan_T0-T2_NPK
T0-T2,NPK,Lmean,site_time_shan,Comm_value,0.002100954381865564,0.040892746093147414,0.051377189907469444,0.9591755859346536,H5,Lmean_site_time_shan_T0-T2_NPK
T0-T2,NPK,Lmean,site_time_shan,Demo_value:Comm_value,0.3824273432531068,0.198696835277858,1.9246775758573091,0.05845459713515822,H5,Lmean_site_time_shan_T0-T2_NPK
T0-T2,NPK,Lmean,site_time_invsimp,Demo_value,0.010002656384645562,0.027303913674259075,0.36634515124751604,0.715212498960069,H5,Lmean_site_time_invsimp_T0-T2_NPK
T0-T2,NPK,Lmean,meanSigmas,Demo_value,7.608280103830602,3.801123251656218,2.00158732040997,0.05036414910228891,H5,Lmean_meanSigmas_T0-T2_NPK
T0-T2,NPK,Lmean,meanSigmas,Comm_value,0.7906024092001003,0.5994453931368922,1.3188897908830115,0.19277188744665336,H5,Lmean_meanSigmas_T0-T2_NPK
T0-T2,NPK,Lmean,meanSigmas,Demo_value:Comm_value,4.354906018458248,3.631658676004109,1.1991506931069644,0.235704927670289,H5,Lmean_meanSigmas_T0-T2_NPK
T0-T2,NPK,Lmean,sigmaonMeans,Demo_value,6.11352364297779,3.7164010202032136,1.6450118299245062,0.1057768804976067,H5,Lmean_sigmaonMeans_T0-T2_NPK
T0-T2,NPK,Lmean,sigmaonMeans,Comm_value,0.4634258752743593,0.5054507498881945,0.9168566381133452,0.3632945142952614,H5,Lmean_sigmaonMeans_T0-T2_NPK
T0-T2,NPK,Lmean,sigmaonMeans,Demo_value:Comm_value,2.361483382873331,3.0778998753297806,0.7672385322866653,0.44628142247101354,H5,Lmean_sigmaonMeans_T0-T2_NPK
T0-T2,NPK,Lmean,variability,Demo_value,0.732019836735933,0.37656898513225506,1.9439196153630118,0.05712330625888694,H5,Lmean_variability_T0-T2_NPK
T0-T2,NPK,Lmean,variability,Comm_value,0.07904026999696927,0.07135037316071287,1.10777654685751,0.272868307639928,H5,Lmean_variability_T0-T2_NPK
T0-T2,NPK,Lmean,variability,Demo_value:Comm_value,0.8377872351241096,0.42163286226654023,1.9870064933280567,0.05200463518744818,H5,Lmean_variability_T0-T2_NPK
T0-T2,NPK,Lmean,mean_cover,Demo_value,0.5702029182330757,0.2813699072317574,2.026524171838368,0.04663535891494903,H5,Lmean_mean_cover_T0-T2_NPK
T0-T2,NPK,Lmean,mean_cover,Comm_value,0.0898049332751535,0.05550054656551393,1.6180909708546023,0.11027259849700914,H5,Lmean_mean_cover_T0-T2_NPK
T0-T2,NPK,Lmean,mean_cover,Demo_value:Comm_value,0.5226071873235422,0.318880062942401,1.6388832293285773,0.10585661180788346,H5,Lmean_mean_cover_T0-T2_NPK
T0-T3,DIST,FirstStepAtt,site_time_rich,Demo_value,-0.012837036657369936,0.029613402348548448,-0.4334873955474139,0.6658130008627586,H3,FirstStepAtt_site_time_rich_T0-T3_DIST
T0-T3,DIST,FirstStepAtt,site_time_rich,Comm_value,-0.028779083819366072,0.02644986578666378,-1.0880616201038231,0.27979483890745394,H3,FirstStepAtt_site_time_rich_T0-T3_DIST
T0-T3,DIST,FirstStepAtt,site_time_rich,Demo_value:Comm_value,-0.020617244041737776,0.02235222607194516,-0.9223798996742877,0.3590697878137522,H3,FirstStepAtt_site_time_rich_T0-T3_DIST
T0-T3,DIST,FirstStepAtt,site_time_simp,Demo_value,-0.015181697071718559,0.028786043820106216,-0.5273978309278674,0.5993589858429478,H3,FirstStepAtt_site_time_simp_T0-T3_DIST
T0-T3,DIST,FirstStepAtt,site_time_simp,Comm_value,-0.021278566634939676,0.028265625641451693,-0.7528072049371001,0.45374813824594407,H3,FirstStepAtt_site_time_simp_T0-T3_DIST
T0-T3,DIST,FirstStepAtt,site_time_simp,Demo_value:Comm_value,-0.025249691412008453,0.01992472706095449,-1.2672540675093629,0.20869578573314682,H3,FirstStepAtt_site_time_simp_T0-T3_DIST
T0-T3,DIST,FirstStepAtt,site_time_shan,Demo_value,-0.010588358719361307,0.02640562843975763,-0.4009887037348048,0.6894842653825921,H3,FirstStepAtt_site_time_shan_T0-T3_DIST
T0-T3,DIST,FirstStepAtt,site_time_shan,Comm_value,-0.013726392804954128,0.02670793142288362,-0.5139444379879311,0.6086901019002133,H3,FirstStepAtt_site_time_shan_T0-T3_DIST
T0-T3,DIST,FirstStepAtt,site_time_shan,Demo_value:Comm_value,-0.0308381811975497,0.022465420675195705,-1.3726954702254228,0.17363582441401987,H3,FirstStepAtt_site_time_shan_T0-T3_DIST
T0-T3,DIST,FirstStepAtt,site_time_invsimp,Demo_value,0.006563977147376078,0.0211647473752958,0.31013727832337706,0.7572339553156873,H3,FirstStepAtt_site_time_invsimp_T0-T3_DIST
T0-T3,DIST,FirstStepAtt,meanSigmas,Demo_value,-0.038272644821843706,0.03606677307676856,-1.0611607736677724,0.29242710563824753,H3,FirstStepAtt_meanSigmas_T0-T3_DIST
T0-T3,DIST,FirstStepAtt,meanSigmas,Comm_value,0.06370243225783578,0.03977474480917202,1.6015799111587525,0.11395333408101631,H3,FirstStepAtt_meanSigmas_T0-T3_DIST
T0-T3,DIST,FirstStepAtt,meanSigmas,Demo_value:Comm_value,0.01865590802189585,0.01511118417641546,1.2345761790801781,0.221300747110057,H3,FirstStepAtt_meanSigmas_T0-T3_DIST
T0-T3,DIST,FirstStepAtt,sigmaonMeans,Demo_value,-0.03815904453725682,0.03699167302722552,-1.0315576835135876,0.30598877105495326,H3,FirstStepAtt_sigmaonMeans_T0-T3_DIST
T0-T3,DIST,FirstStepAtt,sigmaonMeans,Comm_value,0.053753229342303574,0.03619770510232906,1.4849899790703844,0.14223649359434595,H3,FirstStepAtt_sigmaonMeans_T0-T3_DIST
T0-T3,DIST,FirstStepAtt,sigmaonMeans,Demo_value:Comm_value,0.017826426766972884,0.013609693780650382,1.3098330538720608,0.194725781617145,H3,FirstStepAtt_sigmaonMeans_T0-T3_DIST
T0-T3,DIST,FirstStepAtt,variability,Demo_value,-0.02148703782828276,0.03271460859475657,-0.6568025341353666,0.5135576627470524,H3,FirstStepAtt_variability_T0-T3_DIST
T0-T3,DIST,FirstStepAtt,variability,Comm_value,-0.03867158781010372,0.025021114074233325,-1.5455581911889213,0.1269219487621164,H3,FirstStepAtt_variability_T0-T3_DIST
T0-T3,DIST,FirstStepAtt,variability,Demo_value:Comm_value,-0.03070780122101006,0.024951399600438212,-1.2307045581711877,0.22273654942805038,H3,FirstStepAtt_variability_T0-T3_DIST
T0-T3,DIST,FirstStepAtt,mean_cover,Demo_value,-0.01211362730428058,0.025809648062497293,-0.4693449238419599,0.6400840583879236,H3,FirstStepAtt_mean_cover_T0-T3_DIST
T0-T3,DIST,FirstStepAtt,mean_cover,Comm_value,0.0010096065774454427,0.031024197184524403,0.03254255288027431,0.9741194378766665,H3,FirstStepAtt_mean_cover_T0-T3_DIST
T0-T3,DIST,FirstStepAtt,mean_cover,Demo_value:Comm_value,-0.043263634142553097,0.0254451020728184,-1.7002735543658616,0.09291633624202741,H3,FirstStepAtt_mean_cover_T0-T3_DIST
T0-T3,DIST,Lambda,site_time_rich,Demo_value,-9.07708980042566e-5,0.042585438989849025,-0.0021315008171195185,0.9983074659901507,H4,Lambda_site_time_rich_T0-T3_DIST
T0-T3,DIST,Lambda,site_time_rich,Comm_value,-0.039290899303318985,0.02528201986328365,-1.5541044392730674,0.12622524794235215,H4,Lambda_site_time_rich_T0-T3_DIST
T0-T3,DIST,Lambda,site_time_rich,Demo_value:Comm_value,0.03468900694869305,0.03431758812149935,1.0108229874978019,0.3167816861067178,H4,Lambda_site_time_rich_T0-T3_DIST
T0-T3,DIST,Lambda,site_time_simp,Demo_value,0.015213368092734032,0.03372534488465234,0.451095997528473,0.653795959045989,H4,Lambda_site_time_simp_T0-T3_DIST
T0-T3,DIST,Lambda,site_time_simp,Comm_value,-0.014224081736230203,0.027956101583437133,-0.5088006170594759,0.6130441188759175,H4,Lambda_site_time_simp_T0-T3_DIST
T0-T3,DIST,Lambda,site_time_simp,Demo_value:Comm_value,0.030073070110548862,0.029007202379555657,1.0367449337942507,0.3046519424562145,H4,Lambda_site_time_simp_T0-T3_DIST
T0-T3,DIST,Lambda,site_time_shan,Demo_value,0.003742265923096698,0.03670804844563406,0.10194674142481665,0.9191910573092855,H4,Lambda_site_time_shan_T0-T3_DIST
T0-T3,DIST,Lambda,site_time_shan,Comm_value,-0.022347069789507873,0.02694007581387177,-0.8295102784380843,0.41060758158395094,H4,Lambda_site_time_shan_T0-T3_DIST
T0-T3,DIST,Lambda,site_time_shan,Demo_value:Comm_value,0.0352519722674526,0.024414982473172128,1.4438663761560535,0.15477478719167964,H4,Lambda_site_time_shan_T0-T3_DIST
T0-T3,DIST,Lambda,site_time_invsimp,Demo_value,0.02484537797373286,0.03541012988062055,0.7016460560154674,0.4859130342853658,H4,Lambda_site_time_invsimp_T0-T3_DIST
T0-T3,DIST,Lambda,meanSigmas,Demo_value,0.03546383125819524,0.05510614353804807,0.6435549465316733,0.5232817481033476,H4,Lambda_meanSigmas_T0-T3_DIST
T0-T3,DIST,Lambda,meanSigmas,Comm_value,0.05049173966500392,0.03260360161556083,1.5486552761982457,0.12879394854177076,H4,Lambda_meanSigmas_T0-T3_DIST
T0-T3,DIST,Lambda,meanSigmas,Demo_value:Comm_value,-0.035086045777404803,0.05595112173971988,-0.6270838668905026,0.5339199258048537,H4,Lambda_meanSigmas_T0-T3_DIST
T0-T3,DIST,Lambda,sigmaonMeans,Demo_value,0.038281237049884856,0.04697285998305403,0.8149650045514628,0.4195833642888541,H4,Lambda_sigmaonMeans_T0-T3_DIST
T0-T3,DIST,Lambda,sigmaonMeans,Comm_value,0.04534186315290085,0.035125316691340815,1.2908599102845568,0.20364962236836476,H4,Lambda_sigmaonMeans_T0-T3_DIST
T0-T3,DIST,Lambda,sigmaonMeans,Demo_value:Comm_value,-0.017658934425136715,0.04403612691978443,-0.40101016279892127,0.6903984343381733,H4,Lambda_sigmaonMeans_T0-T3_DIST
T0-T3,DIST,Lambda,variability,Demo_value,0.022810079743229336,0.04947904801517148,0.46100482240958257,0.6471185004596822,H4,Lambda_variability_T0-T3_DIST
T0-T3,DIST,Lambda,variability,Comm_value,-0.03371118755235647,0.03832261486833566,-0.8796682498878903,0.3839288613094902,H4,Lambda_variability_T0-T3_DIST
T0-T3,DIST,Lambda,variability,Demo_value:Comm_value,0.014816912256081645,0.0380547915881264,0.38935733550843354,0.6989334992365868,H4,Lambda_variability_T0-T3_DIST
T0-T3,DIST,Lambda,mean_cover,Demo_value,0.022805892165011485,0.03493985953330377,0.6527184845512471,0.516813169831676,H4,Lambda_mean_cover_T0-T3_DIST
T0-T3,DIST,Lambda,mean_cover,Comm_value,-0.03464570904842596,0.0439517763990506,-0.7882664112109549,0.4341197932659292,H4,Lambda_mean_cover_T0-T3_DIST
T0-T3,DIST,Lambda,mean_cover,Demo_value:Comm_value,0.04347684302768875,0.04705535897161048,0.9239509373187287,0.3597796312450421,H4,Lambda_mean_cover_T0-T3_DIST
T0-T3,DIST,R0,site_time_rich,Demo_value,0.037145789229664765,0.050451638122226285,0.7362652752656672,0.46369624821534206,H1,R0_site_time_rich_T0-T3_DIST
T0-T3,DIST,R0,site_time_rich,Comm_value,-0.02100151144627684,0.027808937394823735,-0.755207261180213,0.452315028522284,H1,R0_site_time_rich_T0-T3_DIST
T0-T3,DIST,R0,site_time_rich,Demo_value:Comm_value,0.06293030384993747,0.05257314999926196,1.1970046278532087,0.23479632419044363,H1,R0_site_time_rich_T0-T3_DIST
T0-T3,DIST,R0,site_time_simp,Demo_value,0.08420773816693836,0.09546889462997146,0.8820437116541435,0.38036322598819516,H1,R0_site_time_simp_T0-T3_DIST
T0-T3,DIST,R0,site_time_simp,Comm_value,-0.0031847933016149236,0.04185678416142319,-0.07608786402062274,0.9395368142131679,H1,R0_site_time_simp_T0-T3_DIST
T0-T3,DIST,R0,site_time_simp,Demo_value:Comm_value,0.08572372698313939,0.08986204156839253,0.953948135241246,0.3429481254432365,H1,R0_site_time_simp_T0-T3_DIST
T0-T3,DIST,R0,site_time_shan,Demo_value,0.06644017470566248,0.07688589901472039,0.8641399210659162,0.3900628391977854,H1,R0_site_time_shan_T0-T3_DIST
T0-T3,DIST,R0,site_time_shan,Comm_value,0.004837115914965912,0.04446061585082768,0.10879552211321572,0.9136337421422343,H1,R0_site_time_shan_T0-T3_DIST
T0-T3,DIST,R0,site_time_shan,Demo_value:Comm_value,0.09030604480247797,0.10698959179469349,0.8440638317021508,0.40111971409328706,H1,R0_site_time_shan_T0-T3_DIST
T0-T3,DIST,R0,site_time_invsimp,Demo_value,0.058538093966178234,0.06783747628912119,0.8629167411342179,0.39066983145117207,H1,R0_site_time_invsimp_T0-T3_DIST
T0-T3,DIST,R0,meanSigmas,Demo_value,0.098727297164193345,0.06385784588383664,1.5460480352529817,0.12680366327961343,H1,R0_meanSigmas_T0-T3_DIST
T0-T3,DIST,R0,meanSigmas,Comm_value,0.06393096012093559,0.036114412956150435,1.7702339561371128,0.08123751754353423,H1,R0_meanSigmas_T0-T3_DIST
T0-T3,DIST,R0,meanSigmas,Demo_value:Comm_value,-0.03941259794687489,0.04620454833175196,-0.8530025586201953,0.39669707217579164,H1,R0_meanSigmas_T0-T3_DIST
T0-T3,DIST,R0,sigmaonMeans,Demo_value,0.09782538138729231,0.06715601092852613,1.4566883892405025,0.1498731310018984,H1,R0_sigmaonMeans_T0-T3_DIST
T0-T3,DIST,R0,sigmaonMeans,Comm_value,0.04761389953928859,0.03676747409027595,1.295000560070599,0.19976482881440585,H1,R0_sigmaonMeans_T0-T3_DIST
T0-T3,DIST,R0,sigmaonMeans,Demo_value:Comm_value,-0.0423773998358038,0.06739539775828358,-0.6287877398957139,0.5316259616756678,H1,R0_sigmaonMeans_T0-T3_DIST
T0-T3,DIST,R0,variability,Demo_value,0.09816179287229304,0.07201144948319077,1.3631414667636486,0.17740147765348238,H1,R0_variability_T0-T3_DIST
T0-T3,DIST,R0,variability,Comm_value,-0.029729960017526872,0.031564967989181784,-0.9418656793099293,0.34964515614764,H1,R0_variability_T0-T3_DIST
T0-T3,DIST,R0,variability,Demo_value:Comm_value,0.0063367105121633635,0.05606445314752504,0.11302545831472356,0.9103483488739584,H1,R0_variability_T0-T3_DIST
T0-T3,DIST,R0,mean_cover,Demo_value,0.14031559147056072,0.12338253763195149,1.1372402785969624,0.25879087619534785,H1,R0_mean_cover_T0-T3_DIST
T0-T3,DIST,R0,mean_cover,Comm_value,0.044182253474293345,0.03570726207162403,1.237346436298297,0.2195335446258311,H1,R0_mean_cover_T0-T3_DIST
T0-T3,DIST,R0,mean_cover,Demo_value:Comm_value,0.1906239142200702,0.11436277207140917,1.6668353762974795,0.09940957264071276,H1,R0_mean_cover_T0-T3_DIST
T0-T3,DIST,Reactivity,site_time_rich,Demo_value,-0.13239038606542425,0.046886503333388056,-2.8236353034061414,0.006296239114580581,H3,Reactivity_site_time_rich_T0-T3_DIST
T0-T3,DIST,Reactivity,site_time_rich,Comm_value,-0.009089674098751952,0.02004073337596698,-0.4535599535320582,0.651656249243,H3,Reactivity_site_time_rich_T0-T3_DIST
T0-T3,DIST,Reactivity,site_time_rich,Demo_value:Comm_value,0.15296138957098987,0.039497161024327196,3.8727185854390265,2.525270411113082e-4,H3,Reactivity_site_time_rich_T0-T3_DIST
T0-T3,DIST,Reactivity,site_time_simp,Demo_value,-0.03510930616931331,0.07998546509353167,-0.43894607761870175,0.6621562865860232,H3,Reactivity_site_time_simp_T0-T3_DIST
T0-T3,DIST,Reactivity,site_time_simp,Comm_value,5.414875020035601e-4,0.02251056942717826,0.0240548113967207,0.9808825838243442,H3,Reactivity_site_time_simp_T0-T3_DIST
T0-T3,DIST,Reactivity,site_time_simp,Demo_value:Comm_value,0.20852206820013316,0.06605394061605674,3.1568452427718525,0.0024180377441605284,H3,Reactivity_site_time_simp_T0-T3_DIST
T0-T3,DIST,Reactivity,site_time_shan,Demo_value,-0.06888332759100062,0.0660024323664422,-1.04364831902806,0.30051412675714056,H3,Reactivity_site_time_shan_T0-T3_DIST
T0-T3,DIST,Reactivity,site_time_shan,Comm_value,0.006034884045735462,0.02500299994935893,0.24136639835053852,0.810030948093966,H3,Reactivity_site_time_shan_T0-T3_DIST
T0-T3,DIST,Reactivity,site_time_shan,Demo_value:Comm_value,0.20537979235127946,0.07801266359872602,2.632646840616699,0.010573568835398185,H3,Reactivity_site_time_shan_T0-T3_DIST
T0-T3,DIST,Reactivity,site_time_invsimp,Demo_value,-0.14298282083415048,0.07932976868173335,-1.8023854501301986,0.07598272540344295,H3,Reactivity_site_time_invsimp_T0-T3_DIST
T0-T3,DIST,Reactivity,meanSigmas,Demo_value,-0.2625149311143553,0.3158185334511017,-0.8312207907678115,0.40957814355860045,H3,Reactivity_meanSigmas_T0-T3_DIST
T0-T3,DIST,Reactivity,meanSigmas,Comm_value,0.1251310697470307,0.06640444082368996,1.8843780354881003,0.06500326173458898,H3,Reactivity_meanSigmas_T0-T3_DIST
T0-T3,DIST,Reactivity,meanSigmas,Demo_value:Comm_value,0.045694367928878064,0.19975646359601143,0.22875038487510774,0.8199433015779538,H3,Reactivity_meanSigmas_T0-T3_DIST
T0-T3,DIST,Reactivity,sigmaonMeans,Demo_value,-0.07007426125533614,0.5055592556193893,-0.13860741441571314,0.8902856997297823,H3,Reactivity_sigmaonMeans_T0-T3_DIST
T0-T3,DIST,Reactivity,sigmaonMeans,Comm_value,0.06024810618896104,0.14133503281688506,0.4262786443543621,0.6716312041989927,H3,Reactivity_sigmaonMeans_T0-T3_DIST
T0-T3,DIST,Reactivity,sigmaonMeans,Demo_value:Comm_value,-0.09076741277725596,0.5109918332949488,-0.1776298697221336,0.8596908194430987,H3,Reactivity_sigmaonMeans_T0-T3_DIST
T0-T3,DIST,Reactivity,variability,Demo_value,-0.1053497766992163,0.07159356146009355,-1.471497918956561,0.14706963246680554,H3,Reactivity_variability_T0-T3_DIST
T0-T3,DIST,Reactivity,variability,Comm_value,0.036564228975036236,0.044354680373688025,0.8243601051114051,0.4134296068046248,H3,Reactivity_variability_T0-T3_DIST
T0-T3,DIST,Reactivity,variability,Demo_value:Comm_value,0.31730888925548384,0.16977523111086756,1.868994005658417,0.0671538517665047,H3,Reactivity_variability_T0-T3_DIST
T0-T3,DIST,Reactivity,mean_cover,Demo_value,-0.17723814218234057,0.05638717796651591,-3.1432348376715877,0.002517590291824648,H3,Reactivity_mean_cover_T0-T3_DIST
T0-T3,DIST,Reactivity,mean_cover,Comm_value,8.155955519942687e-4,0.05300028464058147,0.015388512675454203,0.9877693649753866,H3,Reactivity_mean_cover_T0-T3_DIST
T0-T3,DIST,Reactivity,mean_cover,Demo_value:Comm_value,0.1024041512032131,0.051164255406645036,2.0014783834792835,0.04951860288135228,H3,Reactivity_mean_cover_T0-T3_DIST
T0-T3,DIST,T_generation,site_time_rich,Demo_value,0.0019711994927291508,0.01692834968473767,0.11644368939911211,0.9076121524649178,H2,T_generation_site_time_rich_T0-T3_DIST
T0-T3,DIST,T_generation,site_time_rich,Comm_value,-0.027049858532520104,0.024854202584249262,-1.0883414360540493,0.27992938897036534,H2,T_generation_site_time_rich_T0-T3_DIST
T0-T3,DIST,T_generation,site_time_rich,Demo_value:Comm_value,0.0017035860614395817,0.015948427186690692,0.10681843679615387,0.9152182358872978,H2,T_generation_site_time_rich_T0-T3_DIST
T0-T3,DIST,T_generation,site_time_simp,Demo_value,-0.02842951631864593,0.050260127931621795,-0.5656475120263103,0.5733218513607669,H2,T_generation_site_time_simp_T0-T3_DIST
T0-T3,DIST,T_generation,site_time_simp,Comm_value,-0.02341932810700565,0.030632790911521993,-0.7645182632770453,0.44695724988694197,H2,T_generation_site_time_simp_T0-T3_DIST
T0-T3,DIST,T_generation,site_time_simp,Demo_value:Comm_value,0.04710261769633216,0.059607837123323834,0.7902084687099218,0.43189749170982505,H2,T_generation_site_time_simp_T0-T3_DIST
T0-T3,DIST,T_generation,site_time_shan,Demo_value,0.004540694746266709,0.037817131586500054,0.12006978202142767,0.9047489360216316,H2,T_generation_site_time_shan_T0-T3_DIST
T0-T3,DIST,T_generation,site_time_shan,Comm_value,-0.01900566851806198,0.029239950886301457,-0.6499897551799887,0.5176848499775232,H2,T_generation_site_time_shan_T0-T3_DIST
T0-T3,DIST,T_generation,site_time_shan,Demo_value:Comm_value,-2.4448514338804613e-4,0.041897301139442594,-0.005835343488458856,0.9953595896824823,H2,T_generation_site_time_shan_T0-T3_DIST
T0-T3,DIST,T_generation,site_time_invsimp,Demo_value,-2.0203421864335328e-4,0.019289849095816915,-0.010473602859193194,0.9916705157153681,H2,T_generation_site_time_invsimp_T0-T3_DIST
T0-T3,DIST,T_generation,meanSigmas,Demo_value,-0.0019394505586643432,0.019583230535662095,-0.09903629307393903,0.9214289695843492,H2,T_generation_meanSigmas_T0-T3_DIST
T0-T3,DIST,T_generation,meanSigmas,Comm_value,0.051973249577405504,0.032396216065181865,1.6043000044460205,0.11373034615343003,H2,T_generation_meanSigmas_T0-T3_DIST
T0-T3,DIST,T_generation,meanSigmas,Demo_value:Comm_value,-0.01317818915492044,0.03806419194865844,-0.3462096127692762,0.7303573436132224,H2,T_generation_meanSigmas_T0-T3_DIST
T0-T3,DIST,T_generation,sigmaonMeans,Demo_value,-6.444976094513527e-4,0.021318389194779,-0.030232003157592884,0.9759791342495111,H2,T_generation_sigmaonMeans_T0-T3_DIST
T0-T3,DIST,T_generation,sigmaonMeans,Comm_value,0.04780409820386275,0.028991817263935283,1.6488824335730492,0.10423021947229931,H2,T_generation_sigmaonMeans_T0-T3_DIST
T0-T3,DIST,T_generation,sigmaonMeans,Demo_value:Comm_value,-0.01152795663710757,0.02899796717227572,-0.39754361292363904,0.6923320511493354,H2,T_generation_sigmaonMeans_T0-T3_DIST
T0-T3,DIST,T_generation,variability,Demo_value,1.9063737766945396e-4,0.019185321842238444,0.009936626512553275,0.9921037542840949,H2,T_generation_variability_T0-T3_DIST
T0-T3,DIST,T_generation,variability,Comm_value,-0.03250756791839512,0.026286568508066512,-1.2366607649233325,0.22087714911253314,H2,T_generation_variability_T0-T3_DIST
T0-T3,DIST,T_generation,variability,Demo_value:Comm_value,0.003848103780249971,0.01725141599615901,0.22306016973370435,0.8242219550716862,H2,T_generation_variability_T0-T3_DIST
T0-T3,DIST,T_generation,mean_cover,Demo_value,-0.01649664028822693,0.025933537018105912,-0.6361122386317584,0.5266397619995582,H2,T_generation_mean_cover_T0-T3_DIST
T0-T3,DIST,T_generation,mean_cover,Comm_value,-0.0015705456471633693,0.028929936116174226,-0.054287905816885106,0.9568501368736524,H2,T_generation_mean_cover_T0-T3_DIST
T0-T3,DIST,T_generation,mean_cover,Demo_value:Comm_value,-0.05097513838725366,0.03655491239162445,-1.3944812079192184,0.16728935132982636,H2,T_generation_mean_cover_T0-T3_DIST
T0-T3,DIST,age_repro,site_time_rich,Demo_value,0.022875883625018068,0.02061854210694951,1.1094811411184944,0.2705466828328305,H2,age_repro_site_time_rich_T0-T3_DIST
T0-T3,DIST,age_repro,site_time_rich,Comm_value,-0.03113602273359766,0.024187625601833105,-1.2872707410866306,0.20171182696401785,H2,age_repro_site_time_rich_T0-T3_DIST
T0-T3,DIST,age_repro,site_time_rich,Demo_value:Comm_value,-7.036859478912571e-4,0.014576694969127026,-0.04827472546977497,0.9616176133942974,H2,age_repro_site_time_rich_T0-T3_DIST
T0-T3,DIST,age_repro,site_time_simp,Demo_value,0.029900165968196356,0.021475513336347042,1.3922910945085858,0.16769242716085944,H2,age_repro_site_time_simp_T0-T3_DIST
T0-T3,DIST,age_repro,site_time_simp,Comm_value,-0.028592843465408087,0.026793098573240474,-1.067171958004331,0.2891040902556314,H2,age_repro_site_time_simp_T0-T3_DIST
T0-T3,DIST,age_repro,site_time_simp,Demo_value:Comm_value,0.00896805427373056,0.013286941139633114,0.6749525100988135,0.5016520141669073,H2,age_repro_site_time_simp_T0-T3_DIST
T0-T3,DIST,age_repro,site_time_shan,Demo_value,0.026681200590315104,0.019782503560677175,1.3487271976713235,0.18123024743938773,H2,age_repro_site_time_shan_T0-T3_DIST
T0-T3,DIST,age_repro,site_time_shan,Comm_value,-0.0191320450518564,0.025369563334993156,-0.7541337940754731,0.4529829551603636,H2,age_repro_site_time_shan_T0-T3_DIST
T0-T3,DIST,age_repro,site_time_shan,Demo_value:Comm_value,0.004362040446924596,0.016452736973959103,0.2651255200778267,0.7915947208924696,H2,age_repro_site_time_shan_T0-T3_DIST
T0-T3,DIST,age_repro,site_time_invsimp,Demo_value,0.027446886978952877,0.019763786996924503,1.3887463461948848,0.1686705000689078,H2,age_repro_site_time_invsimp_T0-T3_DIST
T0-T3,DIST,age_repro,meanSigmas,Demo_value,0.032607457248750964,0.026306598409941057,1.239516289435158,0.2194785562379832,H2,age_repro_meanSigmas_T0-T3_DIST
T0-T3,DIST,age_repro,meanSigmas,Comm_value,0.0688393287797697,0.03625875557674173,1.8985574017859252,0.061930509307298674,H2,age_repro_meanSigmas_T0-T3_DIST
T0-T3,DIST,age_repro,meanSigmas,Demo_value:Comm_value,-0.017121986415351013,0.034602474712200744,-0.4948197074850789,0.6223461758614248,H2,age_repro_meanSigmas_T0-T3_DIST
T0-T3,DIST,age_repro,sigmaonMeans,Demo_value,0.031639800965598444,0.025129983748436464,1.2590458188245748,0.21238278167481406,H2,age_repro_sigmaonMeans_T0-T3_DIST
T0-T3,DIST,age_repro,sigmaonMeans,Comm_value,0.06098609368482747,0.03225115938210645,1.8909736844581067,0.06295250928277392,H2,age_repro_sigmaonMeans_T0-T3_DIST
T0-T3,DIST,age_repro,sigmaonMeans,Demo_value:Comm_value,-0.014719582637851657,0.02802428396674322,-0.525243844064654,0.6011476132709606,H2,age_repro_sigmaonMeans_T0-T3_DIST
T0-T3,DIST,age_repro,variability,Demo_value,0.023806600144137994,0.027496000840605092,0.8658204617517059,0.3896784734642771,H2,age_repro_variability_T0-T3_DIST
T0-T3,DIST,age_repro,variability,Comm_value,-0.040735447378608465,0.02424282513897752,-1.6803094171196316,0.09755426627951104,H2,age_repro_variability_T0-T3_DIST
T0-T3,DIST,age_repro,variability,Demo_value:Comm_value,0.011622113467201578,0.02134182415120909,0.5445698261244057,0.5878573984153718,H2,age_repro_variability_T0-T3_DIST
T0-T3,DIST,age_repro,mean_cover,Demo_value,0.027449067754416575,0.01955125025540843,1.4039546011551556,0.1642025736022698,H2,age_repro_mean_cover_T0-T3_DIST
T0-T3,DIST,age_repro,mean_cover,Comm_value,0.00673495000584452,0.03062244049284489,0.21993511612564584,0.8264819378682835,H2,age_repro_mean_cover_T0-T3_DIST
T0-T3,DIST,age_repro,mean_cover,Demo_value:Comm_value,0.01024368202284154,0.02452288711967711,0.4177192503007541,0.677271421843791,H2,age_repro_mean_cover_T0-T3_DIST
T0-T3,DIST,percapita_repro,site_time_rich,Demo_value,-0.01372501068099892,0.023699536764725204,-0.5791256941961609,0.5643118757076518,H1,percapita_repro_site_time_rich_T0-T3_DIST
T0-T3,DIST,percapita_repro,site_time_rich,Comm_value,-0.028952895193550342,0.025832776624775084,-1.1207813861473523,0.26610535944368796,H1,percapita_repro_site_time_rich_T0-T3_DIST
T0-T3,DIST,percapita_repro,site_time_rich,Demo_value:Comm_value,0.026577164449930937,0.031502676766736314,0.8436478159212735,0.4016604616450111,H1,percapita_repro_site_time_rich_T0-T3_DIST
T0-T3,DIST,percapita_repro,site_time_simp,Demo_value,-0.0032276975435209638,0.015334428893403591,-0.21048697450411225,0.8338821656440075,H1,percapita_repro_site_time_simp_T0-T3_DIST
T0-T3,DIST,percapita_repro,site_time_simp,Comm_value,-0.00625387217732019,0.027345525499735204,-0.2286981896683883,0.8197518331940803,H1,percapita_repro_site_time_simp_T0-T3_DIST
T0-T3,DIST,percapita_repro,site_time_simp,Demo_value:Comm_value,0.10169831202316784,0.04476810560343563,2.271668873461629,0.026096066501139378,H1,percapita_repro_site_time_simp_T0-T3_DIST
T0-T3,DIST,percapita_repro,site_time_shan,Demo_value,-0.002987863639827232,0.036347999229895386,-0.0822015985234693,0.9347144964701571,H1,percapita_repro_site_time_shan_T0-T3_DIST
T0-T3,DIST,percapita_repro,site_time_shan,Comm_value,-0.01960504197035639,0.029309870668614426,-0.668888723256969,0.5057055258750232,H1,percapita_repro_site_time_shan_T0-T3_DIST
T0-T3,DIST,percapita_repro,site_time_shan,Demo_value:Comm_value,0.027430112263570762,0.03492071613752765,0.7854968424915235,0.4347396110835068,H1,percapita_repro_site_time_shan_T0-T3_DIST
T0-T3,DIST,percapita_repro,site_time_invsimp,Demo_value,-0.017483056488560657,0.012466780075030076,-1.402371453040851,0.16498561519487612,H1,percapita_repro_site_time_invsimp_T0-T3_DIST
T0-T3,DIST,percapita_repro,meanSigmas,Demo_value,-0.039711314994652525,0.07566511129523877,-0.524829929076591,0.6016353282961058,H1,percapita_repro_meanSigmas_T0-T3_DIST
T0-T3,DIST,percapita_repro,meanSigmas,Comm_value,0.08610627678272402,0.05475461856941337,1.572584724950017,0.12107390152775382,H1,percapita_repro_meanSigmas_T0-T3_DIST
T0-T3,DIST,percapita_repro,meanSigmas,Demo_value:Comm_value,0.020653802089742178,0.12605400619353355,0.1638488352209285,0.8704008355161864,H1,percapita_repro_meanSigmas_T0-T3_DIST
T0-T3,DIST,percapita_repro,sigmaonMeans,Demo_value,0.001048367126555389,0.1254813759980814,0.00835476275436618,0.9933616588065726,H1,percapita_repro_sigmaonMeans_T0-T3_DIST
T0-T3,DIST,percapita_repro,sigmaonMeans,Comm_value,0.05457172411109086,0.06572183940017373,0.830343834091573,0.4096362584515688,H1,percapita_repro_sigmaonMeans_T0-T3_DIST
T0-T3,DIST,percapita_repro,sigmaonMeans,Demo_value:Comm_value,-0.04060717179494648,0.15459685817581298,-0.2626649226517047,0.7937086686616621,H1,percapita_repro_sigmaonMeans_T0-T3_DIST
T0-T3,DIST,percapita_repro,variability,Demo_value,0.07070872796726022,0.09096544713754005,0.7773141362164514,0.4400275608153573,H1,percapita_repro_variability_T0-T3_DIST
T0-T3,DIST,percapita_repro,variability,Comm_value,0.002689672980145886,0.050581294239529444,0.053175250269572934,0.9577689295222862,H1,percapita_repro_variability_T0-T3_DIST
T0-T3,DIST,percapita_repro,variability,Demo_value:Comm_value,0.13247600468504878,0.11314507191618542,1.170850859356766,0.24628792595080626,H1,percapita_repro_variability_T0-T3_DIST
T0-T3,DIST,percapita_repro,mean_cover,Demo_value,-0.014468118307558848,0.018969020727547983,-0.762723522493038,0.44812000402554664,H1,percapita_repro_mean_cover_T0-T3_DIST
T0-T3,DIST,percapita_repro,mean_cover,Comm_value,-0.0010774885247991507,0.03516175014882201,-0.030643768306147547,0.9756384226892957,H1,percapita_repro_mean_cover_T0-T3_DIST
T0-T3,DIST,percapita_repro,mean_cover,Demo_value:Comm_value,0.008937778568534846,0.020493564991860343,0.43612609968469435,0.6640501608062221,H1,percapita_repro_mean_cover_T0-T3_DIST
T0-T3,NPK,Lmax,site_time_rich,Demo_value,0.07605241529091138,0.022075807550528088,3.445056998111586,0.0010128125862602815,H5,Lmax_site_time_rich_T0-T3_NPK
T0-T3,NPK,Lmax,site_time_rich,Comm_value,-0.06409647953757304,0.03519043324408467,-1.8214177442202228,0.0732174957955518,H5,Lmax_site_time_rich_T0-T3_NPK
T0-T3,NPK,Lmax,site_time_rich,Demo_value:Comm_value,0.031502018068186345,0.013843728683259657,2.2755443124423365,0.026230094772713382,H5,Lmax_site_time_rich_T0-T3_NPK
T0-T3,NPK,Lmax,site_time_simp,Demo_value,-0.22483371483453235,0.1067487460914504,-2.1061953705940484,0.039114573550844335,H5,Lmax_site_time_simp_T0-T3_NPK
T0-T3,NPK,Lmax,site_time_simp,Comm_value,0.013409514977144472,0.020771025075585647,0.6455875397746293,0.5208544697937323,H5,Lmax_site_time_simp_T0-T3_NPK
T0-T3,NPK,Lmax,site_time_simp,Demo_value:Comm_value,0.41736220803952584,0.1259382249510839,3.3140232697549528,0.0015167387008876568,H5,Lmax_site_time_simp_T0-T3_NPK
T0-T3,NPK,Lmax,site_time_shan,Demo_value,0.07846627303267437,0.025141643796603167,3.120968289403407,0.0027041532872343604,H5,Lmax_site_time_shan_T0-T3_NPK
T0-T3,NPK,Lmax,site_time_shan,Comm_value,-0.053055956456454306,0.028053640942730513,-1.891232463007715,0.06312075470091273,H5,Lmax_site_time_shan_T0-T3_NPK
T0-T3,NPK,Lmax,site_time_shan,Demo_value:Comm_value,0.034993779846458656,0.01645845613456502,2.1261884808847236,0.037350440211460216,H5,Lmax_site_time_shan_T0-T3_NPK
T0-T3,NPK,Lmax,site_time_invsimp,Demo_value,0.03916812367124591,0.007000891991136461,5.594733316959474,4.5845377377980014e-7,H5,Lmax_site_time_invsimp_T0-T3_NPK
T0-T3,NPK,Lmax,meanSigmas,Demo_value,0.07687649083943758,0.9421384168837479,0.08159787294707409,0.9352922591420179,H5,Lmax_meanSigmas_T0-T3_NPK
T0-T3,NPK,Lmax,meanSigmas,Comm_value,0.08455276477473316,0.28055602823000936,0.3013756835244828,0.7643778913451245,H5,Lmax_meanSigmas_T0-T3_NPK
T0-T3,NPK,Lmax,meanSigmas,Demo_value:Comm_value,-0.03816658300619673,1.4302722908375485,-0.02668483704165651,0.9788173291168016,H5,Lmax_meanSigmas_T0-T3_NPK
T0-T3,NPK,Lmax,sigmaonMeans,Demo_value,0.02268922293571525,0.24723646470429503,0.09177134514867172,0.927246410833104,H5,Lmax_sigmaonMeans_T0-T3_NPK
T0-T3,NPK,Lmax,sigmaonMeans,Comm_value,0.06681265933639068,0.09052217848996243,0.7380805505448503,0.4639157369692296,H5,Lmax_sigmaonMeans_T0-T3_NPK
T0-T3,NPK,Lmax,sigmaonMeans,Demo_value:Comm_value,-0.12838573700291592,0.476811625829267,-0.2692588226632026,0.788838569896861,H5,Lmax_sigmaonMeans_T0-T3_NPK
T0-T3,NPK,Lmax,variability,Demo_value,0.029420148924780426,0.03340265602993121,0.8807727414974974,0.3826550197754426,H5,Lmax_variability_T0-T3_NPK
T0-T3,NPK,Lmax,variability,Comm_value,-0.05538375359631295,0.03056543583837216,-1.8119732985054846,0.07599782557569958,H5,Lmax_variability_T0-T3_NPK
T0-T3,NPK,Lmax,variability,Demo_value:Comm_value,0.16710386901362917,0.12470011155449821,1.3400458662829589,0.1862886948243762,H5,Lmax_variability_T0-T3_NPK
T0-T3,NPK,Lmax,mean_cover,Demo_value,0.04846856820854759,0.026439474083343108,1.8331895731270553,0.07142578569334972,H5,Lmax_mean_cover_T0-T3_NPK
T0-T3,NPK,Lmax,mean_cover,Comm_value,0.0038052644802461177,0.03890087086612136,0.09781951908845593,0.9223813198466513,H5,Lmax_mean_cover_T0-T3_NPK
T0-T3,NPK,Lmax,mean_cover,Demo_value:Comm_value,0.011481106476667741,0.02718231844572321,0.42237407009975436,0.6741676398789258,H5,Lmax_mean_cover_T0-T3_NPK
T0-T3,NPK,Lmean,site_time_rich,Demo_value,0.1272876416840302,0.05564977367826073,2.2872984609055904,0.025494142996014473,H5,Lmean_site_time_rich_T0-T3_NPK
T0-T3,NPK,Lmean,site_time_rich,Comm_value,-0.06100735412687464,0.03463935946278078,-1.761214845569696,0.08297855876215295,H5,Lmean_site_time_rich_T0-T3_NPK
T0-T3,NPK,Lmean,site_time_rich,Demo_value:Comm_value,0.0638531138631681,0.03542590262129878,1.802441409771682,0.07618490209483411,H5,Lmean_site_time_rich_T0-T3_NPK
T0-T3,NPK,Lmean,site_time_simp,Demo_value,0.1431049548059834,0.05749710235009648,2.4889072484840318,0.015425145609571533,H5,Lmean_site_time_simp_T0-T3_NPK
T0-T3,NPK,Lmean,site_time_simp,Comm_value,-0.04311811703059506,0.02414090741056981,-1.7861017524020784,0.07881982766668809,H5,Lmean_site_time_simp_T0-T3_NPK
T0-T3,NPK,Lmean,site_time_simp,Demo_value:Comm_value,0.060942049242315874,0.02979902982581536,2.0451017901771027,0.044961183686805586,H5,Lmean_site_time_simp_T0-T3_NPK
T0-T3,NPK,Lmean,site_time_shan,Demo_value,0.13251790275076758,0.051970010904005645,2.5498917634545584,0.013180903902410328,H5,Lmean_site_time_shan_T0-T3_NPK
T0-T3,NPK,Lmean,site_time_shan,Comm_value,-0.050171589191516354,0.027382131746331716,-1.8322747716031151,0.07156369106022556,H5,Lmean_site_time_shan_T0-T3_NPK
T0-T3,NPK,Lmean,site_time_shan,Demo_value:Comm_value,0.07210001346152457,0.03552664697844377,2.0294629410220484,0.04657391708376078,H5,Lmean_site_time_shan_T0-T3_NPK
T0-T3,NPK,Lmean,site_time_invsimp,Demo_value,0.037507026390395375,0.005872373758917121,6.387029833283594,1.9614862419262674e-8,H5,Lmean_site_time_invsimp_T0-T3_NPK
T0-T3,NPK,Lmean,meanSigmas,Demo_value,0.7478378477842578,0.8830473979084793,0.8468830207251968,0.40109572801941107,H5,Lmean_meanSigmas_T0-T3_NPK
T0-T3,NPK,Lmean,meanSigmas,Comm_value,0.2150875678500488,0.1981599587219573,1.0854239637375127,0.2829396055680829,H5,Lmean_meanSigmas_T0-T3_NPK
T0-T3,NPK,Lmean,meanSigmas,Demo_value:Comm_value,0.8012543269019724,1.2806293475550703,0.6256723137195764,0.5343755406998414,H5,Lmean_meanSigmas_T0-T3_NPK
T0-T3,NPK,Lmean,sigmaonMeans,Demo_value,0.3744679066784905,0.32354648361765465,1.1573851846308778,0.25261426356580313,H5,Lmean_sigmaonMeans_T0-T3_NPK
T0-T3,NPK,Lmean,sigmaonMeans,Comm_value,0.13689183018022644,0.0818282373733152,1.6729167653422765,0.10059018956990809,H5,Lmean_sigmaonMeans_T0-T3_NPK
T0-T3,NPK,Lmean,sigmaonMeans,Demo_value:Comm_value,0.31930888464607876,0.5496241717760433,0.5809585914212455,0.5638780447693585,H5,Lmean_sigmaonMeans_T0-T3_NPK
T0-T3,NPK,Lmean,variability,Demo_value,0.10832183502175806,0.07311401731897577,1.4815467538759435,0.14473601600011893,H5,Lmean_variability_T0-T3_NPK
T0-T3,NPK,Lmean,variability,Comm_value,-0.07625384997960218,0.02198815970671995,-3.4679505241313,0.001087818754402622,H5,Lmean_variability_T0-T3_NPK
T0-T3,NPK,Lmean,variability,Demo_value:Comm_value,0.03862439682600848,0.13045563685104372,0.2960730387611416,0.7684005526007973,H5,Lmean_variability_T0-T3_NPK
T0-T3,NPK,Lmean,mean_cover,Demo_value,0.04675588325389033,0.0764704527791195,0.6114241717509116,0.5430845920781984,H5,Lmean_mean_cover_T0-T3_NPK
T0-T3,NPK,Lmean,mean_cover,Comm_value,0.003517442386872689,0.03874466983710787,0.09078519449671096,0.9279468181973252,H5,Lmean_mean_cover_T0-T3_NPK
T0-T3,NPK,Lmean,mean_cover,Demo_value:Comm_value,0.010577750653137482,0.08440397335282178,0.1253228993014444,0.9006607619740907,H5,Lmean_mean_cover_T0-T3_NPK
